[{"model": "admin.logentry", "pk": 1, "fields": {"action_time": "2024-04-18T21:32:38.724Z", "user": 1, "content_type": 8, "object_id": "1", "object_repr": "Клмент сервиса: Test, email: test1@sky.pro", "action_flag": 1, "change_message": "[{\"added\": {}}]"}}, {"model": "admin.logentry", "pk": 2, "fields": {"action_time": "2024-04-18T21:33:05.335Z", "user": 1, "content_type": 10, "object_id": "1", "object_repr": "Заголовок сообщения: Test", "action_flag": 1, "change_message": "[{\"added\": {}}]"}}, {"model": "admin.logentry", "pk": 3, "fields": {"action_time": "2024-04-18T21:35:36.917Z", "user": 1, "content_type": 7, "object_id": "1", "object_repr": " Рассылка Test!!!, дата начала: 2024-04-18 21:33:11+00:00, дата окончания: 2024-07-18 21:33:11+00:00, периодичность: monthly ", "action_flag": 1, "change_message": "[{\"added\": {}}]"}}, {"model": "admin.logentry", "pk": 4, "fields": {"action_time": "2024-04-23T14:30:35.761Z", "user": 1, "content_type": 10, "object_id": "5", "object_repr": "Заголовок сообщения: Тест45", "action_flag": 1, "change_message": "[{\"added\": {}}]"}}, {"model": "admin.logentry", "pk": 5, "fields": {"action_time": "2024-04-23T14:53:02.272Z", "user": 1, "content_type": 10, "object_id": "5", "object_repr": "Заголовок сообщения: Тест45", "action_flag": 2, "change_message": "[{\"changed\": {\"fields\": [\"\\u0422\\u0435\\u043b\\u043e \\u043f\\u0438\\u0441\\u044c\\u043c\\u0430\"]}}]"}}, {"model": "admin.logentry", "pk": 6, "fields": {"action_time": "2024-06-12T20:00:25.450Z", "user": 1, "content_type": 8, "object_id": "4", "object_repr": "Клиент сервиса: Иван Иванов, email: skypro.mytest@yandex.ru", "action_flag": 1, "change_message": "[{\"added\": {}}]"}}, {"model": "admin.logentry", "pk": 7, "fields": {"action_time": "2024-06-12T20:00:49.617Z", "user": 1, "content_type": 7, "object_id": "2", "object_repr": "Рассылка Тест2", "action_flag": 2, "change_message": "[{\"changed\": {\"fields\": [\"\\u041f\\u043e\\u043b\\u0443\\u0447\\u0430\\u0442\\u0435\\u043b\\u0438 \\u0440\\u0430\\u0441\\u0441\\u044b\\u043b\\u043a\\u0438\"]}}]"}}, {"model": "admin.logentry", "pk": 8, "fields": {"action_time": "2024-06-13T03:40:22.246Z", "user": 1, "content_type": 7, "object_id": "2", "object_repr": "Рассылка Тест2", "action_flag": 2, "change_message": "[{\"changed\": {\"fields\": [\"\\u0414\\u0430\\u0442\\u0430 \\u0441\\u043b\\u0435\\u0434\\u0443\\u044e\\u0449\\u0435\\u0439 \\u043e\\u0442\\u043f\\u0440\\u0430\\u0432\\u043a\\u0438\"]}}]"}}, {"model": "admin.logentry", "pk": 9, "fields": {"action_time": "2024-06-13T03:47:58.716Z", "user": 1, "content_type": 7, "object_id": "2", "object_repr": "Рассылка Тест2", "action_flag": 2, "change_message": "[{\"changed\": {\"fields\": [\"\\u0414\\u0430\\u0442\\u0430 \\u0441\\u043b\\u0435\\u0434\\u0443\\u044e\\u0449\\u0435\\u0439 \\u043e\\u0442\\u043f\\u0440\\u0430\\u0432\\u043a\\u0438\"]}}]"}}, {"model": "admin.logentry", "pk": 10, "fields": {"action_time": "2024-06-13T03:55:19.204Z", "user": 1, "content_type": 7, "object_id": "3", "object_repr": "Рассылка Тест 25", "action_flag": 2, "change_message": "[{\"changed\": {\"fields\": [\"\\u0421\\u0442\\u0430\\u0442\\u0443\\u0441 \\u0440\\u0430\\u0441\\u0441\\u044b\\u043b\\u043a\\u0438\"]}}]"}}, {"model": "admin.logentry", "pk": 11, "fields": {"action_time": "2024-06-13T03:55:47.437Z", "user": 1, "content_type": 7, "object_id": "1", "object_repr": "Рассылка Test!!", "action_flag": 2, "change_message": "[{\"changed\": {\"fields\": [\"\\u0421\\u0442\\u0430\\u0442\\u0443\\u0441 \\u0440\\u0430\\u0441\\u0441\\u044b\\u043b\\u043a\\u0438\", \"\\u0410\\u043a\\u0442\\u0443\\u0430\\u043b\\u044c\\u043d\\u043e\\u0441\\u0442\\u044c\"]}}]"}}, {"model": "admin.logentry", "pk": 12, "fields": {"action_time": "2024-06-13T03:55:52.287Z", "user": 1, "content_type": 7, "object_id": "3", "object_repr": "Рассылка Тест 25", "action_flag": 2, "change_message": "[{\"changed\": {\"fields\": [\"\\u0410\\u043a\\u0442\\u0443\\u0430\\u043b\\u044c\\u043d\\u043e\\u0441\\u0442\\u044c\"]}}]"}}, {"model": "admin.logentry", "pk": 13, "fields": {"action_time": "2024-06-13T03:57:31.668Z", "user": 1, "content_type": 7, "object_id": "2", "object_repr": "Рассылка Тест2", "action_flag": 2, "change_message": "[{\"changed\": {\"fields\": [\"\\u0414\\u0430\\u0442\\u0430 \\u0441\\u043b\\u0435\\u0434\\u0443\\u044e\\u0449\\u0435\\u0439 \\u043e\\u0442\\u043f\\u0440\\u0430\\u0432\\u043a\\u0438\"]}}]"}}, {"model": "admin.logentry", "pk": 14, "fields": {"action_time": "2024-06-14T10:01:55.963Z", "user": 1, "content_type": 3, "object_id": "1", "object_repr": "manager", "action_flag": 1, "change_message": "[{\"added\": {}}]"}}, {"model": "admin.logentry", "pk": 15, "fields": {"action_time": "2024-06-14T10:03:02.560Z", "user": 1, "content_type": 3, "object_id": "1", "object_repr": "manager", "action_flag": 2, "change_message": "[{\"changed\": {\"fields\": [\"Permissions\"]}}]"}}, {"model": "admin.logentry", "pk": 16, "fields": {"action_time": "2024-06-14T11:36:46.764Z", "user": 1, "content_type": 3, "object_id": "1", "object_repr": "manager", "action_flag": 2, "change_message": "[{\"changed\": {\"fields\": [\"Permissions\"]}}]"}}, {"model": "admin.logentry", "pk": 17, "fields": {"action_time": "2024-06-14T11:45:31.135Z", "user": 1, "content_type": 6, "object_id": "2", "object_repr": "skypro.mytest@yandex.ru", "action_flag": 2, "change_message": "[{\"changed\": {\"fields\": [\"Groups\"]}}]"}}, {"model": "admin.logentry", "pk": 18, "fields": {"action_time": "2024-06-14T11:46:58.681Z", "user": 1, "content_type": 3, "object_id": "1", "object_repr": "Moderator", "action_flag": 2, "change_message": "[{\"changed\": {\"fields\": [\"Name\"]}}]"}}, {"model": "admin.logentry", "pk": 19, "fields": {"action_time": "2024-06-14T11:47:10.181Z", "user": 1, "content_type": 6, "object_id": "2", "object_repr": "skypro.mytest@yandex.ru", "action_flag": 2, "change_message": "[]"}}, {"model": "admin.logentry", "pk": 20, "fields": {"action_time": "2024-06-14T12:37:55.746Z", "user": 1, "content_type": 3, "object_id": "1", "object_repr": "Moderator", "action_flag": 2, "change_message": "[{\"changed\": {\"fields\": [\"Permissions\"]}}]"}}, {"model": "admin.logentry", "pk": 21, "fields": {"action_time": "2024-06-14T12:38:06.687Z", "user": 1, "content_type": 6, "object_id": "2", "object_repr": "skypro.mytest@yandex.ru", "action_flag": 2, "change_message": "[]"}}, {"model": "admin.logentry", "pk": 22, "fields": {"action_time": "2024-06-14T12:50:42.409Z", "user": 1, "content_type": 3, "object_id": "1", "object_repr": "Moderator", "action_flag": 2, "change_message": "[{\"changed\": {\"fields\": [\"Permissions\"]}}]"}}, {"model": "admin.logentry", "pk": 23, "fields": {"action_time": "2024-06-14T12:51:13.415Z", "user": 1, "content_type": 6, "object_id": "2", "object_repr": "skypro.mytest@yandex.ru", "action_flag": 2, "change_message": "[]"}}, {"model": "auth.permission", "pk": 1, "fields": {"name": "Can add log entry", "content_type": 1, "codename": "add_logentry"}}, {"model": "auth.permission", "pk": 2, "fields": {"name": "Can change log entry", "content_type": 1, "codename": "change_logentry"}}, {"model": "auth.permission", "pk": 3, "fields": {"name": "Can delete log entry", "content_type": 1, "codename": "delete_logentry"}}, {"model": "auth.permission", "pk": 4, "fields": {"name": "Can view log entry", "content_type": 1, "codename": "view_logentry"}}, {"model": "auth.permission", "pk": 5, "fields": {"name": "Can add permission", "content_type": 2, "codename": "add_permission"}}, {"model": "auth.permission", "pk": 6, "fields": {"name": "Can change permission", "content_type": 2, "codename": "change_permission"}}, {"model": "auth.permission", "pk": 7, "fields": {"name": "Can delete permission", "content_type": 2, "codename": "delete_permission"}}, {"model": "auth.permission", "pk": 8, "fields": {"name": "Can view permission", "content_type": 2, "codename": "view_permission"}}, {"model": "auth.permission", "pk": 9, "fields": {"name": "Can add group", "content_type": 3, "codename": "add_group"}}, {"model": "auth.permission", "pk": 10, "fields": {"name": "Can change group", "content_type": 3, "codename": "change_group"}}, {"model": "auth.permission", "pk": 11, "fields": {"name": "Can delete group", "content_type": 3, "codename": "delete_group"}}, {"model": "auth.permission", "pk": 12, "fields": {"name": "Can view group", "content_type": 3, "codename": "view_group"}}, {"model": "auth.permission", "pk": 13, "fields": {"name": "Can add content type", "content_type": 4, "codename": "add_contenttype"}}, {"model": "auth.permission", "pk": 14, "fields": {"name": "Can change content type", "content_type": 4, "codename": "change_contenttype"}}, {"model": "auth.permission", "pk": 15, "fields": {"name": "Can delete content type", "content_type": 4, "codename": "delete_contenttype"}}, {"model": "auth.permission", "pk": 16, "fields": {"name": "Can view content type", "content_type": 4, "codename": "view_contenttype"}}, {"model": "auth.permission", "pk": 17, "fields": {"name": "Can add session", "content_type": 5, "codename": "add_session"}}, {"model": "auth.permission", "pk": 18, "fields": {"name": "Can change session", "content_type": 5, "codename": "change_session"}}, {"model": "auth.permission", "pk": 19, "fields": {"name": "Can delete session", "content_type": 5, "codename": "delete_session"}}, {"model": "auth.permission", "pk": 20, "fields": {"name": "Can view session", "content_type": 5, "codename": "view_session"}}, {"model": "auth.permission", "pk": 21, "fields": {"name": "Can add Пользоаптель", "content_type": 6, "codename": "add_user"}}, {"model": "auth.permission", "pk": 22, "fields": {"name": "Can change Пользоаптель", "content_type": 6, "codename": "change_user"}}, {"model": "auth.permission", "pk": 23, "fields": {"name": "Can delete Пользоаптель", "content_type": 6, "codename": "delete_user"}}, {"model": "auth.permission", "pk": 24, "fields": {"name": "Can view Пользоаптель", "content_type": 6, "codename": "view_user"}}, {"model": "auth.permission", "pk": 25, "fields": {"name": "Can add Рассылка", "content_type": 7, "codename": "add_newsletter"}}, {"model": "auth.permission", "pk": 26, "fields": {"name": "Can change Рассылка", "content_type": 7, "codename": "change_newsletter"}}, {"model": "auth.permission", "pk": 27, "fields": {"name": "Can delete Рассылка", "content_type": 7, "codename": "delete_newsletter"}}, {"model": "auth.permission", "pk": 28, "fields": {"name": "Can view Рассылка", "content_type": 7, "codename": "view_newsletter"}}, {"model": "auth.permission", "pk": 29, "fields": {"name": "Can add Клиент", "content_type": 8, "codename": "add_client"}}, {"model": "auth.permission", "pk": 30, "fields": {"name": "Can change Клиент", "content_type": 8, "codename": "change_client"}}, {"model": "auth.permission", "pk": 31, "fields": {"name": "Can delete Клиент", "content_type": 8, "codename": "delete_client"}}, {"model": "auth.permission", "pk": 32, "fields": {"name": "Can view Клиент", "content_type": 8, "codename": "view_client"}}, {"model": "auth.permission", "pk": 33, "fields": {"name": "Can add Лог", "content_type": 9, "codename": "add_log"}}, {"model": "auth.permission", "pk": 34, "fields": {"name": "Can change Лог", "content_type": 9, "codename": "change_log"}}, {"model": "auth.permission", "pk": 35, "fields": {"name": "Can delete Лог", "content_type": 9, "codename": "delete_log"}}, {"model": "auth.permission", "pk": 36, "fields": {"name": "Can view Лог", "content_type": 9, "codename": "view_log"}}, {"model": "auth.permission", "pk": 37, "fields": {"name": "Can add Сообщение", "content_type": 10, "codename": "add_message"}}, {"model": "auth.permission", "pk": 38, "fields": {"name": "Can change Сообщение", "content_type": 10, "codename": "change_message"}}, {"model": "auth.permission", "pk": 39, "fields": {"name": "Can delete Сообщение", "content_type": 10, "codename": "delete_message"}}, {"model": "auth.permission", "pk": 40, "fields": {"name": "Can view Сообщение", "content_type": 10, "codename": "view_message"}}, {"model": "auth.permission", "pk": 41, "fields": {"name": "Can add django job", "content_type": 11, "codename": "add_djangojob"}}, {"model": "auth.permission", "pk": 42, "fields": {"name": "Can change django job", "content_type": 11, "codename": "change_djangojob"}}, {"model": "auth.permission", "pk": 43, "fields": {"name": "Can delete django job", "content_type": 11, "codename": "delete_djangojob"}}, {"model": "auth.permission", "pk": 44, "fields": {"name": "Can view django job", "content_type": 11, "codename": "view_djangojob"}}, {"model": "auth.permission", "pk": 45, "fields": {"name": "Can add django job execution", "content_type": 12, "codename": "add_djangojobexecution"}}, {"model": "auth.permission", "pk": 46, "fields": {"name": "Can change django job execution", "content_type": 12, "codename": "change_djangojobexecution"}}, {"model": "auth.permission", "pk": 47, "fields": {"name": "Can delete django job execution", "content_type": 12, "codename": "delete_djangojobexecution"}}, {"model": "auth.permission", "pk": 48, "fields": {"name": "Can view django job execution", "content_type": 12, "codename": "view_djangojobexecution"}}, {"model": "auth.permission", "pk": 49, "fields": {"name": "Can add Публикация", "content_type": 13, "codename": "add_blog"}}, {"model": "auth.permission", "pk": 50, "fields": {"name": "Can change Публикация", "content_type": 13, "codename": "change_blog"}}, {"model": "auth.permission", "pk": 51, "fields": {"name": "Can delete Публикация", "content_type": 13, "codename": "delete_blog"}}, {"model": "auth.permission", "pk": 52, "fields": {"name": "Can view Публикация", "content_type": 13, "codename": "view_blog"}}, {"model": "auth.permission", "pk": 53, "fields": {"name": "Может блокировать пользователя", "content_type": 6, "codename": "set_is_active"}}, {"model": "auth.permission", "pk": 54, "fields": {"name": "Может менять активность рассылки", "content_type": 10, "codename": "set_is_activated"}}, {"model": "auth.permission", "pk": 55, "fields": {"name": "Может менять активность рассылки", "content_type": 7, "codename": "set_is_activated"}}, {"model": "auth.permission", "pk": 56, "fields": {"name": "Может менять активность рассылки", "content_type": 7, "codename": "set_is_active"}}, {"model": "auth.group", "pk": 1, "fields": {"name": "Moderator", "permissions": [56, 28, 53, 24]}}, {"model": "contenttypes.contenttype", "pk": 1, "fields": {"app_label": "admin", "model": "logentry"}}, {"model": "contenttypes.contenttype", "pk": 2, "fields": {"app_label": "auth", "model": "permission"}}, {"model": "contenttypes.contenttype", "pk": 3, "fields": {"app_label": "auth", "model": "group"}}, {"model": "contenttypes.contenttype", "pk": 4, "fields": {"app_label": "contenttypes", "model": "contenttype"}}, {"model": "contenttypes.contenttype", "pk": 5, "fields": {"app_label": "sessions", "model": "session"}}, {"model": "contenttypes.contenttype", "pk": 6, "fields": {"app_label": "users", "model": "user"}}, {"model": "contenttypes.contenttype", "pk": 7, "fields": {"app_label": "main", "model": "newsletter"}}, {"model": "contenttypes.contenttype", "pk": 8, "fields": {"app_label": "main", "model": "client"}}, {"model": "contenttypes.contenttype", "pk": 9, "fields": {"app_label": "main", "model": "log"}}, {"model": "contenttypes.contenttype", "pk": 10, "fields": {"app_label": "main", "model": "message"}}, {"model": "contenttypes.contenttype", "pk": 11, "fields": {"app_label": "django_apscheduler", "model": "djangojob"}}, {"model": "contenttypes.contenttype", "pk": 12, "fields": {"app_label": "django_apscheduler", "model": "djangojobexecution"}}, {"model": "contenttypes.contenttype", "pk": 13, "fields": {"app_label": "blog", "model": "blog"}}, {"model": "sessions.session", "pk": "0z4d6syr4jy28qfxc991e8d5ipndlga1", "fields": {"session_data": ".eJxVjEEOwiAQRe_C2pABGRCX7j1DMwNTqRpISrsy3l2bdKHb_977LzXQupRh7TIPU1ZnZdThd2NKD6kbyHeqt6ZTq8s8sd4UvdOury3L87K7fweFevnWQRCOBGIDI6EREoPoXPBsTuxc8h5HkehYOEYACMApR0tjhmiTyer9AdtFN_M:1rxZMF:1LWYvsdIjMbF9cwInehOhzZC5ejQZ4TvfiZc9MwI00U", "expire_date": "2024-05-02T21:31:51.561Z"}}, {"model": "sessions.session", "pk": "2mnywjhgsymkr37ycixnye9pgwatjmew", "fields": {"session_data": ".eJxVjEsOAiEQBe_C2hD-iEv3noE0DS2jBpJhZmW8uyGZhW5fVb03i7BvNe6jrHHJ7MIUO_1uCfBZ2gT5Ae3eOfa2rUviU-EHHfzWc3ldD_fvoMKosxaKlEbwNrjkQzDoLKCArIE0ioAuEZFx8mytFeRJQkhSOiWdN14r9vkC6XU3dA:1sI6Pd:0bDr0IM6t7QlnYCVqwjaTBd1d9j4gM_aebo4C79NQjs", "expire_date": "2024-06-28T12:52:13.199Z"}}, {"model": "sessions.session", "pk": "3ytiook286u1ihs1qbvgqqwd9u6ymkmr", "fields": {"session_data": ".eJxVjEEOwiAQRe_C2pABGRCX7j1DMwNTqRpISrsy3l2bdKHb_977LzXQupRh7TIPU1ZnZdThd2NKD6kbyHeqt6ZTq8s8sd4UvdOury3L87K7fweFevnWQRCOBGIDI6EREoPoXPBsTuxc8h5HkehYOEYACMApR0tjhmiTyer9AdtFN_M:1sHU7o:mlB1VqUU4Lk_31TEksI_lQxfSi7TItdgbvsqJQiyIoc", "expire_date": "2024-06-26T19:59:16.967Z"}}, {"model": "sessions.session", "pk": "716zjvzf7x7vpywxwgpg174ug5txgwgm", "fields": {"session_data": ".eJxVjMsOwiAUBf-FtSE8ChSX7v0Gch8gVUOT0q6M_65NutDtmZnzEgm2taat5yVNLM5Ci9PvhkCP3HbAd2i3WdLc1mVCuSvyoF1eZ87Py-H-HVTo9VsjD764YkdkowsUdiaOkZTVISOwMlYXT-xIc1DKFwMRrXI0mBAoAor3B_yrOFM:1sI9zv:42fgLHANOaLfGccPmJAPaK4P6vZVnV6kHN6esKKX454", "expire_date": "2024-06-28T16:41:55.210Z"}}, {"model": "sessions.session", "pk": "77d2nxk2dfd9ju4tgb89znhrwfef66vx", "fields": {"session_data": ".eJxVjEEOwiAQRe_C2pABGRCX7j1DMwNTqRpISrsy3l2bdKHb_977LzXQupRh7TIPU1ZnZdThd2NKD6kbyHeqt6ZTq8s8sd4UvdOury3L87K7fweFevnWQRCOBGIDI6EREoPoXPBsTuxc8h5HkehYOEYACMApR0tjhmiTyer9AdtFN_M:1s0P3a:3Dchm7bIuRpdUWlhY0g4oShCdXeaPZIUS6IgEfaJ6R4", "expire_date": "2024-05-10T17:08:18.315Z"}}, {"model": "sessions.session", "pk": "7ux2ok3f1lf9pbv50ifqbo9bobbumwu1", "fields": {"session_data": ".eJxVjEEOwiAQRe_C2pABGRCX7j1DMwNTqRpISrsy3l2bdKHb_977LzXQupRh7TIPU1ZnZdThd2NKD6kbyHeqt6ZTq8s8sd4UvdOury3L87K7fweFevnWQRCOBGIDI6EREoPoXPBsTuxc8h5HkehYOEYACMApR0tjhmiTyer9AdtFN_M:1rzH9x:GmPYWIHsyso_NVco0EldFQd9i6JHNWDzikcEmOvp66A", "expire_date": "2024-05-07T14:30:13.994Z"}}, {"model": "sessions.session", "pk": "isot7htfeeq67wyeve9s2js6906ht4uf", "fields": {"session_data": ".eJxVjEEOwiAQRe_C2pABGRCX7j1DMwNTqRpISrsy3l2bdKHb_977LzXQupRh7TIPU1ZnZdThd2NKD6kbyHeqt6ZTq8s8sd4UvdOury3L87K7fweFevnWQRCOBGIDI6EREoPoXPBsTuxc8h5HkehYOEYACMApR0tjhmiTyer9AdtFN_M:1rwwGj:ZZc1iOxjqpgb7J7BtziKcDDozeHc3Fs3QgrtcmDFsuE", "expire_date": "2024-05-01T03:47:33.637Z"}}, {"model": "sessions.session", "pk": "no81r7tlpru5fgrh721lws1simf0x70m", "fields": {"session_data": ".eJxVjEsOAiEQBe_C2hD-iEv3noE0DS2jBpJhZmW8uyGZhW5fVb03i7BvNe6jrHHJ7MIUO_1uCfBZ2gT5Ae3eOfa2rUviU-EHHfzWc3ldD_fvoMKosxaKlEbwNrjkQzDoLKCArIE0ioAuEZFx8mytFeRJQkhSOiWdN14r9vkC6XU3dA:1sHiWs:TOxDHSCoc1ikJWG8QRjuDD-pmD_UxRKBpD2JUydcN9Y", "expire_date": "2024-06-27T11:22:06.287Z"}}, {"model": "users.user", "pk": 1, "fields": {"password": "pbkdf2_sha256$600000$r19DRc4FcMsMOKM6BrDpc3$2SIpXKp3ykZYyEV+BIiNhnSGhe/dlV4AJ2IQaNIKEgQ=", "last_login": "2024-06-14T16:41:55.207Z", "is_superuser": true, "first_name": "Админ", "last_name": "Админов", "is_staff": true, "is_active": true, "date_joined": "2024-04-17T03:47:26.726Z", "avatar": "", "phone_number": null, "country": "Россия", "email": "admin@sky.pro", "token": null, "groups": [], "user_permissions": []}}, {"model": "users.user", "pk": 2, "fields": {"password": "pbkdf2_sha256$600000$odAekBxfbaANMKYal7tbS1$Gj8im17DH4fQxqlC0+Nd1SKtRUm5lF2jfNEplUKLWmo=", "last_login": "2024-06-14T16:41:00.286Z", "is_superuser": false, "first_name": "", "last_name": "", "is_staff": false, "is_active": true, "date_joined": "2024-06-13T10:17:28Z", "avatar": "", "phone_number": null, "country": null, "email": "skypro.mytest@yandex.ru", "token": "43f0a67f08b67ade76543192c58a46e9", "groups": [1], "user_permissions": []}}, {"model": "main.client", "pk": 1, "fields": {"email": "test1@sky.pro", "name": "Test", "comment": "Test", "owner": 1}}, {"model": "main.client", "pk": 3, "fields": {"email": "help@mygreenway.cz", "name": "Петров Сергей", "comment": null, "owner": 1}}, {"model": "main.client", "pk": 4, "fields": {"email": "skypro.mytest@yandex.ru", "name": "Иван Иванов", "comment": "", "owner": 1}}, {"model": "main.message", "pk": 1, "fields": {"subject": "Test", "body": "Test1", "author": 1}}, {"model": "main.message", "pk": 4, "fields": {"subject": "Тест 1", "body": "Тест 1111", "author": 1}}, {"model": "main.message", "pk": 5, "fields": {"subject": "Тест45", "body": "Тест 4546", "author": 1}}, {"model": "main.message", "pk": 7, "fields": {"subject": "О пение птиц", "body": "В нашей жизни есть чудесные моменты - пение птиц!", "author": 1}}, {"model": "main.message", "pk": 8, "fields": {"subject": "Нужна срочная замена!!!", "body": "Прочее", "author": null}}, {"model": "main.newsletter", "pk": 1, "fields": {"title": "Test!!", "author": 1, "message": 1, "datetime_start": "2024-04-23T14:44:41Z", "datetime_send": "2024-04-23T00:00:00Z", "datetime_finish": "2024-04-23T14:44:41Z", "periodicity": "monthly", "status": "completed", "is_active": false, "clients": [1]}}, {"model": "main.newsletter", "pk": 2, "fields": {"title": "Тест", "author": 1, "message": 1, "datetime_start": "2024-06-12T14:44:41Z", "datetime_send": "2024-06-14T00:00:00Z", "datetime_finish": "2024-06-23T14:44:41Z", "periodicity": "daily", "status": "launched", "is_active": false, "clients": [4]}}, {"model": "main.newsletter", "pk": 3, "fields": {"title": "Тест 25", "author": 1, "message": 5, "datetime_start": "2024-04-23T14:45:23Z", "datetime_send": "2024-04-23T14:45:23Z", "datetime_finish": "2024-04-23T14:45:23Z", "periodicity": "weekly", "status": "completed", "is_active": false, "clients": [1, 3]}}, {"model": "main.newsletter", "pk": 4, "fields": {"title": "Новая рассылка", "author": 1, "message": 4, "datetime_start": "2024-06-13T15:57:46Z", "datetime_send": "2024-06-14T15:57:46Z", "datetime_finish": "2024-06-16T15:57:46Z", "periodicity": "daily", "status": "launched", "is_active": false, "clients": [4]}}, {"model": "main.newsletter", "pk": 7, "fields": {"title": "Моя рассылка", "author": 1, "message": 1, "datetime_start": "2024-06-14T06:39:40Z", "datetime_send": "2024-06-14T06:40:03.461Z", "datetime_finish": "2024-09-14T06:39:40Z", "periodicity": "weekly", "status": "created", "is_active": true, "clients": [3]}}, {"model": "main.log", "pk": 1, "fields": {"newsletter": 2, "last_time_send": "2024-06-13T03:42:40.934Z", "status": "Отправлено", "server_response": "1"}}, {"model": "main.log", "pk": 2, "fields": {"newsletter": 2, "last_time_send": "2024-06-13T03:42:50.955Z", "status": "Отправлено", "server_response": "1"}}, {"model": "main.log", "pk": 3, "fields": {"newsletter": 2, "last_time_send": "2024-06-13T03:43:00.850Z", "status": "Отправлено", "server_response": "1"}}, {"model": "main.log", "pk": 4, "fields": {"newsletter": 2, "last_time_send": "2024-06-13T03:43:10.716Z", "status": "Отправлено", "server_response": "1"}}, {"model": "main.log", "pk": 5, "fields": {"newsletter": 2, "last_time_send": "2024-06-13T03:43:20.958Z", "status": "Отправлено", "server_response": "1"}}, {"model": "main.log", "pk": 6, "fields": {"newsletter": 2, "last_time_send": "2024-06-13T03:43:30.862Z", "status": "Отправлено", "server_response": "1"}}, {"model": "main.log", "pk": 7, "fields": {"newsletter": 2, "last_time_send": "2024-06-13T03:48:10.917Z", "status": "Отправлено", "server_response": "1"}}, {"model": "main.log", "pk": 8, "fields": {"newsletter": 2, "last_time_send": "2024-06-13T03:57:50.988Z", "status": "Отправлено", "server_response": "1"}}, {"model": "main.log", "pk": 9, "fields": {"newsletter": 4, "last_time_send": "2024-06-13T16:03:21.247Z", "status": "Отправлено", "server_response": "1"}}, {"model": "blog.blog", "pk": 2, "fields": {"title": "Публикация_тест_2", "content": "Публикация_тест_2\r\nБла-бла-бла", "preview": "blog_foto/IMG_20240422_232359_2.jpg", "date_published": "2024-06-13", "view_counter": 6, "slug": "publikatsiyatest2"}}, {"model": "blog.blog", "pk": 3, "fields": {"title": "Груша – можно и нужно скушать!", "content": "О грушах и не только", "preview": "blog_foto/WhatsApp_Image_2024-04-29_at_16.57.01.jpeg", "date_published": "2024-06-13", "view_counter": 2, "slug": "grusha---mozhno-i-nuzhno-skushat"}}, {"model": "django_apscheduler.djangojob", "pk": "delete_old_job_executions", "fields": {"next_run_time": "2024-06-16T21:00:00Z", "job_state": "gAWVWwQAAAAAAAB9lCiMB3ZlcnNpb26USwGMAmlklIwZZGVsZXRlX29sZF9qb2JfZXhlY3V0aW9uc5SMBGZ1bmOUjEFtYWluLm1hbmFnZW1lbnQuY29tbWFuZHMucnVuYXBzY2hlZHVsZXI6ZGVsZXRlX29sZF9qb2JfZXhlY3V0aW9uc5SMB3RyaWdnZXKUjBlhcHNjaGVkdWxlci50cmlnZ2Vycy5jcm9ulIwLQ3JvblRyaWdnZXKUk5QpgZR9lChoAUsCjAh0aW1lem9uZZSMCGJ1aWx0aW5zlIwHZ2V0YXR0cpSTlIwIem9uZWluZm+UjAhab25lSW5mb5STlIwJX3VucGlja2xllIaUUpSMD0V1cm9wZS9Jc3RhbmJ1bJRLAYaUUpSMCnN0YXJ0X2RhdGWUTowIZW5kX2RhdGWUTowGZmllbGRzlF2UKIwgYXBzY2hlZHVsZXIudHJpZ2dlcnMuY3Jvbi5maWVsZHOUjAlCYXNlRmllbGSUk5QpgZR9lCiMBG5hbWWUjAR5ZWFylIwKaXNfZGVmYXVsdJSIjAtleHByZXNzaW9uc5RdlIwlYXBzY2hlZHVsZXIudHJpZ2dlcnMuY3Jvbi5leHByZXNzaW9uc5SMDUFsbEV4cHJlc3Npb26Uk5QpgZR9lIwEc3RlcJROc2JhdWJoHYwKTW9udGhGaWVsZJSTlCmBlH2UKGgijAVtb250aJRoJIhoJV2UaCkpgZR9lGgsTnNiYXViaB2MD0RheU9mTW9udGhGaWVsZJSTlCmBlH2UKGgijANkYXmUaCSIaCVdlGgpKYGUfZRoLE5zYmF1YmgdjAlXZWVrRmllbGSUk5QpgZR9lChoIowEd2Vla5RoJIhoJV2UaCkpgZR9lGgsTnNiYXViaB2MDkRheU9mV2Vla0ZpZWxklJOUKYGUfZQoaCKMC2RheV9vZl93ZWVrlGgkiWglXZRoJ4wWV2Vla2RheVJhbmdlRXhwcmVzc2lvbpSTlCmBlH2UKGgsTowFZmlyc3SUSwCMBGxhc3SUSwB1YmF1YmgfKYGUfZQoaCKMBGhvdXKUaCSJaCVdlGgnjA9SYW5nZUV4cHJlc3Npb26Uk5QpgZR9lChoLE5oT0sAaFBLAHViYXViaB8pgZR9lChoIowGbWludXRllGgkiWglXZRoVimBlH2UKGgsTmhPSwBoUEsAdWJhdWJoHymBlH2UKGgijAZzZWNvbmSUaCSIaCVdlGhWKYGUfZQoaCxOaE9LAGhQSwB1YmF1YmWMBmppdHRlcpROdWKMCGV4ZWN1dG9ylIwHZGVmYXVsdJSMBGFyZ3OUKYwGa3dhcmdzlH2UaCJoA4wSbWlzZmlyZV9ncmFjZV90aW1llEsBjAhjb2FsZXNjZZSIjA1tYXhfaW5zdGFuY2VzlEsBjA1uZXh0X3J1bl90aW1llIwIZGF0ZXRpbWWUjAhkYXRldGltZZSTlEMKB+gGEQAAAAAAAJRoGIaUUpR1Lg=="}}, {"model": "django_apscheduler.djangojob", "pk": "my_job", "fields": {"next_run_time": "2024-06-13T16:10:50Z", "job_state": "gAWV2AMAAAAAAAB9lCiMB3ZlcnNpb26USwGMAmlklIwGbXlfam9ilIwEZnVuY5SMLm1haW4ubWFuYWdlbWVudC5jb21tYW5kcy5ydW5hcHNjaGVkdWxlcjpteV9qb2KUjAd0cmlnZ2VylIwZYXBzY2hlZHVsZXIudHJpZ2dlcnMuY3JvbpSMC0Nyb25UcmlnZ2VylJOUKYGUfZQoaAFLAowIdGltZXpvbmWUjAhidWlsdGluc5SMB2dldGF0dHKUk5SMCHpvbmVpbmZvlIwIWm9uZUluZm+Uk5SMCV91bnBpY2tsZZSGlFKUjA9FdXJvcGUvSXN0YW5idWyUSwGGlFKUjApzdGFydF9kYXRllE6MCGVuZF9kYXRllE6MBmZpZWxkc5RdlCiMIGFwc2NoZWR1bGVyLnRyaWdnZXJzLmNyb24uZmllbGRzlIwJQmFzZUZpZWxklJOUKYGUfZQojARuYW1llIwEeWVhcpSMCmlzX2RlZmF1bHSUiIwLZXhwcmVzc2lvbnOUXZSMJWFwc2NoZWR1bGVyLnRyaWdnZXJzLmNyb24uZXhwcmVzc2lvbnOUjA1BbGxFeHByZXNzaW9ulJOUKYGUfZSMBHN0ZXCUTnNiYXViaB2MCk1vbnRoRmllbGSUk5QpgZR9lChoIowFbW9udGiUaCSIaCVdlGgpKYGUfZRoLE5zYmF1YmgdjA9EYXlPZk1vbnRoRmllbGSUk5QpgZR9lChoIowDZGF5lGgkiGglXZRoKSmBlH2UaCxOc2JhdWJoHYwJV2Vla0ZpZWxklJOUKYGUfZQoaCKMBHdlZWuUaCSIaCVdlGgpKYGUfZRoLE5zYmF1YmgdjA5EYXlPZldlZWtGaWVsZJSTlCmBlH2UKGgijAtkYXlfb2Zfd2Vla5RoJIhoJV2UaCkpgZR9lGgsTnNiYXViaB8pgZR9lChoIowEaG91cpRoJIhoJV2UaCkpgZR9lGgsTnNiYXViaB8pgZR9lChoIowGbWludXRllGgkiGglXZRoKSmBlH2UaCxOc2JhdWJoHymBlH2UKGgijAZzZWNvbmSUaCSJaCVdlGgpKYGUfZRoLEsKc2JhdWJljAZqaXR0ZXKUTnVijAhleGVjdXRvcpSMB2RlZmF1bHSUjARhcmdzlCmMBmt3YXJnc5R9lGgiaAOMEm1pc2ZpcmVfZ3JhY2VfdGltZZRLAYwIY29hbGVzY2WUiIwNbWF4X2luc3RhbmNlc5RLAYwNbmV4dF9ydW5fdGltZZSMCGRhdGV0aW1llIwIZGF0ZXRpbWWUk5RDCgfoBg0TCjIAAACUaBiGlFKUdS4="}}, {"model": "django_apscheduler.djangojobexecution", "pk": 1, "fields": {"job": "my_job", "status": "Executed", "run_time": "2024-04-23T12:16:50Z", "duration": "0.01", "finished": "1713874610.01", "exception": null, "traceback": null}}, {"model": "django_apscheduler.djangojobexecution", "pk": 2, "fields": {"job": "my_job", "status": "Executed", "run_time": "2024-04-23T12:17:00Z", "duration": "0.02", "finished": "1713874620.02", "exception": null, "traceback": null}}, {"model": "django_apscheduler.djangojobexecution", "pk": 3, "fields": {"job": "my_job", "status": "Executed", "run_time": "2024-04-23T12:17:10Z", "duration": "0.00", "finished": "1713874630.00", "exception": null, "traceback": null}}, {"model": "django_apscheduler.djangojobexecution", "pk": 4, "fields": {"job": "my_job", "status": "Executed", "run_time": "2024-04-23T12:17:20Z", "duration": "0.02", "finished": "1713874640.02", "exception": null, "traceback": null}}, {"model": "django_apscheduler.djangojobexecution", "pk": 5, "fields": {"job": "my_job", "status": "Executed", "run_time": "2024-04-23T12:17:30Z", "duration": "0.01", "finished": "1713874650.01", "exception": null, "traceback": null}}, {"model": "django_apscheduler.djangojobexecution", "pk": 6, "fields": {"job": "my_job", "status": "Executed", "run_time": "2024-04-23T12:17:40Z", "duration": "0.01", "finished": "1713874660.01", "exception": null, "traceback": null}}, {"model": "django_apscheduler.djangojobexecution", "pk": 7, "fields": {"job": "my_job", "status": "Executed", "run_time": "2024-04-23T12:17:50Z", "duration": "0.02", "finished": "1713874670.02", "exception": null, "traceback": null}}, {"model": "django_apscheduler.djangojobexecution", "pk": 8, "fields": {"job": "my_job", "status": "Executed", "run_time": "2024-04-23T12:18:00Z", "duration": "0.01", "finished": "1713874680.01", "exception": null, "traceback": null}}, {"model": "django_apscheduler.djangojobexecution", "pk": 9, "fields": {"job": "my_job", "status": "Executed", "run_time": "2024-04-23T12:18:10Z", "duration": "0.01", "finished": "1713874690.01", "exception": null, "traceback": null}}, {"model": "django_apscheduler.djangojobexecution", "pk": 10, "fields": {"job": "my_job", "status": "Executed", "run_time": "2024-04-23T12:18:20Z", "duration": "0.02", "finished": "1713874700.02", "exception": null, "traceback": null}}, {"model": "django_apscheduler.djangojobexecution", "pk": 11, "fields": {"job": "my_job", "status": "Executed", "run_time": "2024-04-23T12:18:30Z", "duration": "0.01", "finished": "1713874710.01", "exception": null, "traceback": null}}, {"model": "django_apscheduler.djangojobexecution", "pk": 12, "fields": {"job": "my_job", "status": "Executed", "run_time": "2024-04-23T12:18:40Z", "duration": "0.01", "finished": "1713874720.01", "exception": null, "traceback": null}}, {"model": "django_apscheduler.djangojobexecution", "pk": 13, "fields": {"job": "my_job", "status": "Executed", "run_time": "2024-04-23T12:19:00Z", "duration": "0.01", "finished": "1713874740.01", "exception": null, "traceback": null}}, {"model": "django_apscheduler.djangojobexecution", "pk": 15, "fields": {"job": "my_job", "status": "Executed", "run_time": "2024-04-23T12:19:10Z", "duration": "0.01", "finished": "1713874750.01", "exception": null, "traceback": null}}, {"model": "django_apscheduler.djangojobexecution", "pk": 17, "fields": {"job": "my_job", "status": "Executed", "run_time": "2024-04-23T12:19:20Z", "duration": "0.00", "finished": "1713874760.00", "exception": null, "traceback": null}}, {"model": "django_apscheduler.djangojobexecution", "pk": 19, "fields": {"job": "my_job", "status": "Executed", "run_time": "2024-04-23T12:19:30Z", "duration": "0.02", "finished": "1713874770.02", "exception": null, "traceback": null}}, {"model": "django_apscheduler.djangojobexecution", "pk": 21, "fields": {"job": "my_job", "status": "Executed", "run_time": "2024-04-23T12:28:20Z", "duration": "0.00", "finished": "1713875300.00", "exception": null, "traceback": null}}, {"model": "django_apscheduler.djangojobexecution", "pk": 24, "fields": {"job": "my_job", "status": "Executed", "run_time": "2024-04-23T12:42:20Z", "duration": "0.17", "finished": "1713876140.17", "exception": null, "traceback": null}}, {"model": "django_apscheduler.djangojobexecution", "pk": 26, "fields": {"job": "my_job", "status": "Executed", "run_time": "2024-04-23T12:42:30Z", "duration": "0.02", "finished": "1713876150.02", "exception": null, "traceback": null}}, {"model": "django_apscheduler.djangojobexecution", "pk": 27, "fields": {"job": "my_job", "status": "Executed", "run_time": "2024-04-23T12:42:50Z", "duration": "0.01", "finished": "1713876170.01", "exception": null, "traceback": null}}, {"model": "django_apscheduler.djangojobexecution", "pk": 29, "fields": {"job": "my_job", "status": "Executed", "run_time": "2024-04-23T12:43:00Z", "duration": "0.01", "finished": "1713876180.01", "exception": null, "traceback": null}}, {"model": "django_apscheduler.djangojobexecution", "pk": 32, "fields": {"job": "my_job", "status": "Executed", "run_time": "2024-04-23T12:43:10Z", "duration": "0.02", "finished": "1713876190.02", "exception": null, "traceback": null}}, {"model": "django_apscheduler.djangojobexecution", "pk": 34, "fields": {"job": "my_job", "status": "Executed", "run_time": "2024-04-23T12:43:20Z", "duration": "0.01", "finished": "1713876200.01", "exception": null, "traceback": null}}, {"model": "django_apscheduler.djangojobexecution", "pk": 36, "fields": {"job": "my_job", "status": "Executed", "run_time": "2024-04-23T12:43:30Z", "duration": "0.01", "finished": "1713876210.01", "exception": null, "traceback": null}}, {"model": "django_apscheduler.djangojobexecution", "pk": 38, "fields": {"job": "my_job", "status": "Executed", "run_time": "2024-04-23T12:43:40Z", "duration": "0.01", "finished": "1713876220.01", "exception": null, "traceback": null}}, {"model": "django_apscheduler.djangojobexecution", "pk": 40, "fields": {"job": "my_job", "status": "Executed", "run_time": "2024-04-23T12:43:50Z", "duration": "0.01", "finished": "1713876230.01", "exception": null, "traceback": null}}, {"model": "django_apscheduler.djangojobexecution", "pk": 42, "fields": {"job": "my_job", "status": "Executed", "run_time": "2024-04-23T12:44:00Z", "duration": "0.02", "finished": "1713876240.02", "exception": null, "traceback": null}}, {"model": "django_apscheduler.djangojobexecution", "pk": 44, "fields": {"job": "my_job", "status": "Executed", "run_time": "2024-04-23T12:44:10Z", "duration": "0.01", "finished": "1713876250.01", "exception": null, "traceback": null}}, {"model": "django_apscheduler.djangojobexecution", "pk": 46, "fields": {"job": "my_job", "status": "Executed", "run_time": "2024-04-23T12:44:20Z", "duration": "0.02", "finished": "1713876260.02", "exception": null, "traceback": null}}, {"model": "django_apscheduler.djangojobexecution", "pk": 48, "fields": {"job": "my_job", "status": "Executed", "run_time": "2024-04-23T12:44:30Z", "duration": "0.02", "finished": "1713876270.02", "exception": null, "traceback": null}}, {"model": "django_apscheduler.djangojobexecution", "pk": 50, "fields": {"job": "my_job", "status": "Executed", "run_time": "2024-04-23T12:44:40Z", "duration": "0.02", "finished": "1713876280.02", "exception": null, "traceback": null}}, {"model": "django_apscheduler.djangojobexecution", "pk": 52, "fields": {"job": "my_job", "status": "Executed", "run_time": "2024-04-23T12:44:50Z", "duration": "0.02", "finished": "1713876290.02", "exception": null, "traceback": null}}, {"model": "django_apscheduler.djangojobexecution", "pk": 54, "fields": {"job": "my_job", "status": "Executed", "run_time": "2024-04-23T12:45:00Z", "duration": "0.02", "finished": "1713876300.02", "exception": null, "traceback": null}}, {"model": "django_apscheduler.djangojobexecution", "pk": 56, "fields": {"job": "my_job", "status": "Executed", "run_time": "2024-04-23T12:45:10Z", "duration": "0.01", "finished": "1713876310.01", "exception": null, "traceback": null}}, {"model": "django_apscheduler.djangojobexecution", "pk": 58, "fields": {"job": "my_job", "status": "Executed", "run_time": "2024-04-23T12:45:20Z", "duration": "0.01", "finished": "1713876320.01", "exception": null, "traceback": null}}, {"model": "django_apscheduler.djangojobexecution", "pk": 60, "fields": {"job": "my_job", "status": "Executed", "run_time": "2024-04-23T12:45:30Z", "duration": "0.01", "finished": "1713876330.01", "exception": null, "traceback": null}}, {"model": "django_apscheduler.djangojobexecution", "pk": 62, "fields": {"job": "my_job", "status": "Executed", "run_time": "2024-04-23T12:45:40Z", "duration": "0.01", "finished": "1713876340.01", "exception": null, "traceback": null}}, {"model": "django_apscheduler.djangojobexecution", "pk": 64, "fields": {"job": "my_job", "status": "Executed", "run_time": "2024-04-23T12:45:50Z", "duration": "0.02", "finished": "1713876350.02", "exception": null, "traceback": null}}, {"model": "django_apscheduler.djangojobexecution", "pk": 66, "fields": {"job": "my_job", "status": "Executed", "run_time": "2024-04-23T12:46:00Z", "duration": "0.01", "finished": "1713876360.01", "exception": null, "traceback": null}}, {"model": "django_apscheduler.djangojobexecution", "pk": 68, "fields": {"job": "my_job", "status": "Executed", "run_time": "2024-04-23T12:46:10Z", "duration": "0.01", "finished": "1713876370.01", "exception": null, "traceback": null}}, {"model": "django_apscheduler.djangojobexecution", "pk": 70, "fields": {"job": "my_job", "status": "Executed", "run_time": "2024-04-23T12:46:20Z", "duration": "0.03", "finished": "1713876380.03", "exception": null, "traceback": null}}, {"model": "django_apscheduler.djangojobexecution", "pk": 72, "fields": {"job": "my_job", "status": "Executed", "run_time": "2024-04-23T12:46:30Z", "duration": "0.02", "finished": "1713876390.02", "exception": null, "traceback": null}}, {"model": "django_apscheduler.djangojobexecution", "pk": 74, "fields": {"job": "my_job", "status": "Executed", "run_time": "2024-04-23T12:46:40Z", "duration": "0.02", "finished": "1713876400.02", "exception": null, "traceback": null}}, {"model": "django_apscheduler.djangojobexecution", "pk": 76, "fields": {"job": "my_job", "status": "Executed", "run_time": "2024-04-23T12:46:50Z", "duration": "0.02", "finished": "1713876410.02", "exception": null, "traceback": null}}, {"model": "django_apscheduler.djangojobexecution", "pk": 78, "fields": {"job": "my_job", "status": "Executed", "run_time": "2024-04-23T12:47:00Z", "duration": "0.02", "finished": "1713876420.02", "exception": null, "traceback": null}}, {"model": "django_apscheduler.djangojobexecution", "pk": 80, "fields": {"job": "my_job", "status": "Executed", "run_time": "2024-04-23T12:47:10Z", "duration": "0.02", "finished": "1713876430.02", "exception": null, "traceback": null}}, {"model": "django_apscheduler.djangojobexecution", "pk": 82, "fields": {"job": "my_job", "status": "Executed", "run_time": "2024-04-23T12:47:20Z", "duration": "0.02", "finished": "1713876440.02", "exception": null, "traceback": null}}, {"model": "django_apscheduler.djangojobexecution", "pk": 84, "fields": {"job": "my_job", "status": "Executed", "run_time": "2024-04-23T12:47:30Z", "duration": "0.02", "finished": "1713876450.02", "exception": null, "traceback": null}}, {"model": "django_apscheduler.djangojobexecution", "pk": 86, "fields": {"job": "my_job", "status": "Executed", "run_time": "2024-04-23T12:47:40Z", "duration": "0.01", "finished": "1713876460.01", "exception": null, "traceback": null}}, {"model": "django_apscheduler.djangojobexecution", "pk": 88, "fields": {"job": "my_job", "status": "Executed", "run_time": "2024-04-23T12:47:50Z", "duration": "0.01", "finished": "1713876470.01", "exception": null, "traceback": null}}, {"model": "django_apscheduler.djangojobexecution", "pk": 90, "fields": {"job": "my_job", "status": "Executed", "run_time": "2024-04-23T12:48:00Z", "duration": "0.01", "finished": "1713876480.01", "exception": null, "traceback": null}}, {"model": "django_apscheduler.djangojobexecution", "pk": 92, "fields": {"job": "my_job", "status": "Executed", "run_time": "2024-04-23T12:48:10Z", "duration": "0.01", "finished": "1713876490.01", "exception": null, "traceback": null}}, {"model": "django_apscheduler.djangojobexecution", "pk": 94, "fields": {"job": "my_job", "status": "Executed", "run_time": "2024-04-23T12:48:20Z", "duration": "0.01", "finished": "1713876500.01", "exception": null, "traceback": null}}, {"model": "django_apscheduler.djangojobexecution", "pk": 96, "fields": {"job": "my_job", "status": "Executed", "run_time": "2024-04-23T12:48:30Z", "duration": "0.02", "finished": "1713876510.02", "exception": null, "traceback": null}}, {"model": "django_apscheduler.djangojobexecution", "pk": 98, "fields": {"job": "my_job", "status": "Executed", "run_time": "2024-04-23T12:48:40Z", "duration": "0.02", "finished": "1713876520.02", "exception": null, "traceback": null}}, {"model": "django_apscheduler.djangojobexecution", "pk": 100, "fields": {"job": "my_job", "status": "Executed", "run_time": "2024-04-23T12:48:50Z", "duration": "0.01", "finished": "1713876530.01", "exception": null, "traceback": null}}, {"model": "django_apscheduler.djangojobexecution", "pk": 102, "fields": {"job": "my_job", "status": "Executed", "run_time": "2024-04-23T12:49:00Z", "duration": "0.03", "finished": "1713876540.03", "exception": null, "traceback": null}}, {"model": "django_apscheduler.djangojobexecution", "pk": 104, "fields": {"job": "my_job", "status": "Executed", "run_time": "2024-04-23T12:49:10Z", "duration": "0.02", "finished": "1713876550.02", "exception": null, "traceback": null}}, {"model": "django_apscheduler.djangojobexecution", "pk": 106, "fields": {"job": "my_job", "status": "Executed", "run_time": "2024-04-23T12:49:20Z", "duration": "0.01", "finished": "1713876560.01", "exception": null, "traceback": null}}, {"model": "django_apscheduler.djangojobexecution", "pk": 108, "fields": {"job": "my_job", "status": "Executed", "run_time": "2024-04-23T12:49:30Z", "duration": "0.02", "finished": "1713876570.02", "exception": null, "traceback": null}}, {"model": "django_apscheduler.djangojobexecution", "pk": 110, "fields": {"job": "my_job", "status": "Executed", "run_time": "2024-04-23T12:49:40Z", "duration": "0.01", "finished": "1713876580.01", "exception": null, "traceback": null}}, {"model": "django_apscheduler.djangojobexecution", "pk": 112, "fields": {"job": "my_job", "status": "Executed", "run_time": "2024-04-23T12:49:50Z", "duration": "0.02", "finished": "1713876590.02", "exception": null, "traceback": null}}, {"model": "django_apscheduler.djangojobexecution", "pk": 114, "fields": {"job": "my_job", "status": "Executed", "run_time": "2024-04-23T12:50:00Z", "duration": "0.02", "finished": "1713876600.02", "exception": null, "traceback": null}}, {"model": "django_apscheduler.djangojobexecution", "pk": 116, "fields": {"job": "my_job", "status": "Executed", "run_time": "2024-04-23T12:50:10Z", "duration": "0.02", "finished": "1713876610.02", "exception": null, "traceback": null}}, {"model": "django_apscheduler.djangojobexecution", "pk": 118, "fields": {"job": "my_job", "status": "Executed", "run_time": "2024-04-23T12:50:20Z", "duration": "0.02", "finished": "1713876620.02", "exception": null, "traceback": null}}, {"model": "django_apscheduler.djangojobexecution", "pk": 120, "fields": {"job": "my_job", "status": "Executed", "run_time": "2024-04-23T12:50:30Z", "duration": "0.02", "finished": "1713876630.02", "exception": null, "traceback": null}}, {"model": "django_apscheduler.djangojobexecution", "pk": 122, "fields": {"job": "my_job", "status": "Executed", "run_time": "2024-04-23T12:50:40Z", "duration": "0.02", "finished": "1713876640.02", "exception": null, "traceback": null}}, {"model": "django_apscheduler.djangojobexecution", "pk": 124, "fields": {"job": "my_job", "status": "Executed", "run_time": "2024-04-23T12:50:50Z", "duration": "0.01", "finished": "1713876650.01", "exception": null, "traceback": null}}, {"model": "django_apscheduler.djangojobexecution", "pk": 126, "fields": {"job": "my_job", "status": "Executed", "run_time": "2024-04-23T12:51:00Z", "duration": "0.01", "finished": "1713876660.01", "exception": null, "traceback": null}}, {"model": "django_apscheduler.djangojobexecution", "pk": 128, "fields": {"job": "my_job", "status": "Executed", "run_time": "2024-04-23T12:51:10Z", "duration": "0.02", "finished": "1713876670.02", "exception": null, "traceback": null}}, {"model": "django_apscheduler.djangojobexecution", "pk": 130, "fields": {"job": "my_job", "status": "Executed", "run_time": "2024-04-23T12:51:20Z", "duration": "0.02", "finished": "1713876680.02", "exception": null, "traceback": null}}, {"model": "django_apscheduler.djangojobexecution", "pk": 132, "fields": {"job": "my_job", "status": "Executed", "run_time": "2024-04-23T12:51:30Z", "duration": "0.02", "finished": "1713876690.02", "exception": null, "traceback": null}}, {"model": "django_apscheduler.djangojobexecution", "pk": 134, "fields": {"job": "my_job", "status": "Executed", "run_time": "2024-04-23T12:51:40Z", "duration": "0.02", "finished": "1713876700.02", "exception": null, "traceback": null}}, {"model": "django_apscheduler.djangojobexecution", "pk": 136, "fields": {"job": "my_job", "status": "Executed", "run_time": "2024-04-23T12:51:50Z", "duration": "0.01", "finished": "1713876710.01", "exception": null, "traceback": null}}, {"model": "django_apscheduler.djangojobexecution", "pk": 138, "fields": {"job": "my_job", "status": "Executed", "run_time": "2024-04-23T12:52:00Z", "duration": "0.01", "finished": "1713876720.01", "exception": null, "traceback": null}}, {"model": "django_apscheduler.djangojobexecution", "pk": 140, "fields": {"job": "my_job", "status": "Executed", "run_time": "2024-04-23T12:52:10Z", "duration": "0.02", "finished": "1713876730.02", "exception": null, "traceback": null}}, {"model": "django_apscheduler.djangojobexecution", "pk": 142, "fields": {"job": "my_job", "status": "Executed", "run_time": "2024-04-23T12:52:20Z", "duration": "0.01", "finished": "1713876740.01", "exception": null, "traceback": null}}, {"model": "django_apscheduler.djangojobexecution", "pk": 144, "fields": {"job": "my_job", "status": "Executed", "run_time": "2024-04-23T12:52:30Z", "duration": "0.02", "finished": "1713876750.02", "exception": null, "traceback": null}}, {"model": "django_apscheduler.djangojobexecution", "pk": 146, "fields": {"job": "my_job", "status": "Executed", "run_time": "2024-04-23T12:52:40Z", "duration": "0.01", "finished": "1713876760.01", "exception": null, "traceback": null}}, {"model": "django_apscheduler.djangojobexecution", "pk": 148, "fields": {"job": "my_job", "status": "Executed", "run_time": "2024-04-23T12:52:50Z", "duration": "0.02", "finished": "1713876770.02", "exception": null, "traceback": null}}, {"model": "django_apscheduler.djangojobexecution", "pk": 150, "fields": {"job": "my_job", "status": "Executed", "run_time": "2024-04-23T12:53:00Z", "duration": "0.02", "finished": "1713876780.02", "exception": null, "traceback": null}}, {"model": "django_apscheduler.djangojobexecution", "pk": 152, "fields": {"job": "my_job", "status": "Executed", "run_time": "2024-04-23T12:53:10Z", "duration": "0.02", "finished": "1713876790.02", "exception": null, "traceback": null}}, {"model": "django_apscheduler.djangojobexecution", "pk": 154, "fields": {"job": "my_job", "status": "Executed", "run_time": "2024-04-23T12:53:20Z", "duration": "0.02", "finished": "1713876800.02", "exception": null, "traceback": null}}, {"model": "django_apscheduler.djangojobexecution", "pk": 156, "fields": {"job": "my_job", "status": "Executed", "run_time": "2024-04-23T12:53:30Z", "duration": "0.02", "finished": "1713876810.02", "exception": null, "traceback": null}}, {"model": "django_apscheduler.djangojobexecution", "pk": 158, "fields": {"job": "my_job", "status": "Executed", "run_time": "2024-04-23T12:53:40Z", "duration": "0.02", "finished": "1713876820.02", "exception": null, "traceback": null}}, {"model": "django_apscheduler.djangojobexecution", "pk": 160, "fields": {"job": "my_job", "status": "Executed", "run_time": "2024-04-23T12:53:50Z", "duration": "0.01", "finished": "1713876830.01", "exception": null, "traceback": null}}, {"model": "django_apscheduler.djangojobexecution", "pk": 162, "fields": {"job": "my_job", "status": "Executed", "run_time": "2024-04-23T12:54:00Z", "duration": "0.02", "finished": "1713876840.02", "exception": null, "traceback": null}}, {"model": "django_apscheduler.djangojobexecution", "pk": 164, "fields": {"job": "my_job", "status": "Executed", "run_time": "2024-04-23T12:54:10Z", "duration": "0.01", "finished": "1713876850.01", "exception": null, "traceback": null}}, {"model": "django_apscheduler.djangojobexecution", "pk": 166, "fields": {"job": "my_job", "status": "Executed", "run_time": "2024-04-23T12:54:20Z", "duration": "0.01", "finished": "1713876860.01", "exception": null, "traceback": null}}, {"model": "django_apscheduler.djangojobexecution", "pk": 168, "fields": {"job": "my_job", "status": "Executed", "run_time": "2024-04-23T12:54:30Z", "duration": "0.02", "finished": "1713876870.02", "exception": null, "traceback": null}}, {"model": "django_apscheduler.djangojobexecution", "pk": 170, "fields": {"job": "my_job", "status": "Executed", "run_time": "2024-04-23T12:54:40Z", "duration": "0.02", "finished": "1713876880.02", "exception": null, "traceback": null}}, {"model": "django_apscheduler.djangojobexecution", "pk": 172, "fields": {"job": "my_job", "status": "Executed", "run_time": "2024-04-23T12:54:50Z", "duration": "0.03", "finished": "1713876890.03", "exception": null, "traceback": null}}, {"model": "django_apscheduler.djangojobexecution", "pk": 174, "fields": {"job": "my_job", "status": "Executed", "run_time": "2024-04-23T12:55:00Z", "duration": "0.02", "finished": "1713876900.02", "exception": null, "traceback": null}}, {"model": "django_apscheduler.djangojobexecution", "pk": 176, "fields": {"job": "my_job", "status": "Executed", "run_time": "2024-04-23T12:55:10Z", "duration": "0.02", "finished": "1713876910.02", "exception": null, "traceback": null}}, {"model": "django_apscheduler.djangojobexecution", "pk": 178, "fields": {"job": "my_job", "status": "Executed", "run_time": "2024-04-23T12:55:20Z", "duration": "0.01", "finished": "1713876920.01", "exception": null, "traceback": null}}, {"model": "django_apscheduler.djangojobexecution", "pk": 180, "fields": {"job": "my_job", "status": "Executed", "run_time": "2024-04-23T12:55:30Z", "duration": "0.02", "finished": "1713876930.02", "exception": null, "traceback": null}}, {"model": "django_apscheduler.djangojobexecution", "pk": 182, "fields": {"job": "my_job", "status": "Executed", "run_time": "2024-04-23T12:55:40Z", "duration": "0.02", "finished": "1713876940.02", "exception": null, "traceback": null}}, {"model": "django_apscheduler.djangojobexecution", "pk": 184, "fields": {"job": "my_job", "status": "Executed", "run_time": "2024-04-23T12:55:50Z", "duration": "0.02", "finished": "1713876950.02", "exception": null, "traceback": null}}, {"model": "django_apscheduler.djangojobexecution", "pk": 186, "fields": {"job": "my_job", "status": "Executed", "run_time": "2024-04-23T12:56:00Z", "duration": "0.02", "finished": "1713876960.02", "exception": null, "traceback": null}}, {"model": "django_apscheduler.djangojobexecution", "pk": 188, "fields": {"job": "my_job", "status": "Executed", "run_time": "2024-04-23T12:56:10Z", "duration": "0.01", "finished": "1713876970.01", "exception": null, "traceback": null}}, {"model": "django_apscheduler.djangojobexecution", "pk": 190, "fields": {"job": "my_job", "status": "Executed", "run_time": "2024-04-23T12:56:20Z", "duration": "0.02", "finished": "1713876980.02", "exception": null, "traceback": null}}, {"model": "django_apscheduler.djangojobexecution", "pk": 192, "fields": {"job": "my_job", "status": "Executed", "run_time": "2024-04-23T12:56:30Z", "duration": "0.01", "finished": "1713876990.01", "exception": null, "traceback": null}}, {"model": "django_apscheduler.djangojobexecution", "pk": 194, "fields": {"job": "my_job", "status": "Executed", "run_time": "2024-04-23T12:56:40Z", "duration": "0.01", "finished": "1713877000.01", "exception": null, "traceback": null}}, {"model": "django_apscheduler.djangojobexecution", "pk": 196, "fields": {"job": "my_job", "status": "Executed", "run_time": "2024-04-23T12:56:50Z", "duration": "0.01", "finished": "1713877010.01", "exception": null, "traceback": null}}, {"model": "django_apscheduler.djangojobexecution", "pk": 198, "fields": {"job": "my_job", "status": "Executed", "run_time": "2024-04-23T12:57:00Z", "duration": "0.02", "finished": "1713877020.02", "exception": null, "traceback": null}}, {"model": "django_apscheduler.djangojobexecution", "pk": 200, "fields": {"job": "my_job", "status": "Executed", "run_time": "2024-04-23T12:57:10Z", "duration": "0.01", "finished": "1713877030.01", "exception": null, "traceback": null}}, {"model": "django_apscheduler.djangojobexecution", "pk": 202, "fields": {"job": "my_job", "status": "Executed", "run_time": "2024-04-23T12:57:20Z", "duration": "0.01", "finished": "1713877040.01", "exception": null, "traceback": null}}, {"model": "django_apscheduler.djangojobexecution", "pk": 204, "fields": {"job": "my_job", "status": "Executed", "run_time": "2024-04-23T12:57:30Z", "duration": "0.02", "finished": "1713877050.02", "exception": null, "traceback": null}}, {"model": "django_apscheduler.djangojobexecution", "pk": 206, "fields": {"job": "my_job", "status": "Executed", "run_time": "2024-04-23T12:57:40Z", "duration": "0.02", "finished": "1713877060.02", "exception": null, "traceback": null}}, {"model": "django_apscheduler.djangojobexecution", "pk": 208, "fields": {"job": "my_job", "status": "Executed", "run_time": "2024-04-23T12:57:50Z", "duration": "0.02", "finished": "1713877070.02", "exception": null, "traceback": null}}, {"model": "django_apscheduler.djangojobexecution", "pk": 210, "fields": {"job": "my_job", "status": "Executed", "run_time": "2024-04-23T12:58:00Z", "duration": "0.03", "finished": "1713877080.03", "exception": null, "traceback": null}}, {"model": "django_apscheduler.djangojobexecution", "pk": 212, "fields": {"job": "my_job", "status": "Executed", "run_time": "2024-04-23T12:58:10Z", "duration": "0.02", "finished": "1713877090.02", "exception": null, "traceback": null}}, {"model": "django_apscheduler.djangojobexecution", "pk": 214, "fields": {"job": "my_job", "status": "Executed", "run_time": "2024-04-23T12:58:20Z", "duration": "0.02", "finished": "1713877100.02", "exception": null, "traceback": null}}, {"model": "django_apscheduler.djangojobexecution", "pk": 216, "fields": {"job": "my_job", "status": "Executed", "run_time": "2024-04-23T12:58:30Z", "duration": "0.02", "finished": "1713877110.02", "exception": null, "traceback": null}}, {"model": "django_apscheduler.djangojobexecution", "pk": 218, "fields": {"job": "my_job", "status": "Executed", "run_time": "2024-04-23T12:58:40Z", "duration": "0.02", "finished": "1713877120.02", "exception": null, "traceback": null}}, {"model": "django_apscheduler.djangojobexecution", "pk": 220, "fields": {"job": "my_job", "status": "Executed", "run_time": "2024-04-23T12:58:50Z", "duration": "0.02", "finished": "1713877130.02", "exception": null, "traceback": null}}, {"model": "django_apscheduler.djangojobexecution", "pk": 222, "fields": {"job": "my_job", "status": "Executed", "run_time": "2024-04-23T12:59:00Z", "duration": "0.02", "finished": "1713877140.02", "exception": null, "traceback": null}}, {"model": "django_apscheduler.djangojobexecution", "pk": 224, "fields": {"job": "my_job", "status": "Executed", "run_time": "2024-04-23T12:59:10Z", "duration": "0.01", "finished": "1713877150.01", "exception": null, "traceback": null}}, {"model": "django_apscheduler.djangojobexecution", "pk": 226, "fields": {"job": "my_job", "status": "Executed", "run_time": "2024-04-23T12:59:20Z", "duration": "0.01", "finished": "1713877160.01", "exception": null, "traceback": null}}, {"model": "django_apscheduler.djangojobexecution", "pk": 228, "fields": {"job": "my_job", "status": "Executed", "run_time": "2024-04-23T12:59:30Z", "duration": "0.01", "finished": "1713877170.01", "exception": null, "traceback": null}}, {"model": "django_apscheduler.djangojobexecution", "pk": 230, "fields": {"job": "my_job", "status": "Executed", "run_time": "2024-04-23T12:59:40Z", "duration": "0.01", "finished": "1713877180.01", "exception": null, "traceback": null}}, {"model": "django_apscheduler.djangojobexecution", "pk": 232, "fields": {"job": "my_job", "status": "Executed", "run_time": "2024-04-23T12:59:50Z", "duration": "0.01", "finished": "1713877190.01", "exception": null, "traceback": null}}, {"model": "django_apscheduler.djangojobexecution", "pk": 234, "fields": {"job": "my_job", "status": "Executed", "run_time": "2024-04-23T13:00:00Z", "duration": "0.01", "finished": "1713877200.01", "exception": null, "traceback": null}}, {"model": "django_apscheduler.djangojobexecution", "pk": 236, "fields": {"job": "my_job", "status": "Executed", "run_time": "2024-04-23T13:00:10Z", "duration": "0.01", "finished": "1713877210.01", "exception": null, "traceback": null}}, {"model": "django_apscheduler.djangojobexecution", "pk": 238, "fields": {"job": "my_job", "status": "Executed", "run_time": "2024-04-23T13:00:20Z", "duration": "0.03", "finished": "1713877220.03", "exception": null, "traceback": null}}, {"model": "django_apscheduler.djangojobexecution", "pk": 240, "fields": {"job": "my_job", "status": "Executed", "run_time": "2024-04-23T13:00:30Z", "duration": "0.01", "finished": "1713877230.01", "exception": null, "traceback": null}}, {"model": "django_apscheduler.djangojobexecution", "pk": 242, "fields": {"job": "my_job", "status": "Executed", "run_time": "2024-04-23T13:00:40Z", "duration": "0.02", "finished": "1713877240.02", "exception": null, "traceback": null}}, {"model": "django_apscheduler.djangojobexecution", "pk": 244, "fields": {"job": "my_job", "status": "Executed", "run_time": "2024-04-23T13:00:50Z", "duration": "0.01", "finished": "1713877250.01", "exception": null, "traceback": null}}, {"model": "django_apscheduler.djangojobexecution", "pk": 246, "fields": {"job": "my_job", "status": "Executed", "run_time": "2024-04-23T13:01:00Z", "duration": "0.02", "finished": "1713877260.02", "exception": null, "traceback": null}}, {"model": "django_apscheduler.djangojobexecution", "pk": 248, "fields": {"job": "my_job", "status": "Executed", "run_time": "2024-04-23T13:01:10Z", "duration": "0.02", "finished": "1713877270.02", "exception": null, "traceback": null}}, {"model": "django_apscheduler.djangojobexecution", "pk": 249, "fields": {"job": "my_job", "status": "Executed", "run_time": "2024-06-12T19:51:10Z", "duration": "0.17", "finished": "1718221870.17", "exception": null, "traceback": null}}, {"model": "django_apscheduler.djangojobexecution", "pk": 250, "fields": {"job": "my_job", "status": "Executed", "run_time": "2024-06-12T19:51:20Z", "duration": "0.03", "finished": "1718221880.03", "exception": null, "traceback": null}}, {"model": "django_apscheduler.djangojobexecution", "pk": 251, "fields": {"job": "my_job", "status": "Executed", "run_time": "2024-06-12T19:51:30Z", "duration": "0.02", "finished": "1718221890.02", "exception": null, "traceback": null}}, {"model": "django_apscheduler.djangojobexecution", "pk": 252, "fields": {"job": "my_job", "status": "Executed", "run_time": "2024-06-12T19:51:40Z", "duration": "0.03", "finished": "1718221900.03", "exception": null, "traceback": null}}, {"model": "django_apscheduler.djangojobexecution", "pk": 253, "fields": {"job": "my_job", "status": "Executed", "run_time": "2024-06-12T19:51:50Z", "duration": "0.02", "finished": "1718221910.02", "exception": null, "traceback": null}}, {"model": "django_apscheduler.djangojobexecution", "pk": 254, "fields": {"job": "my_job", "status": "Executed", "run_time": "2024-06-12T19:52:00Z", "duration": "0.03", "finished": "1718221920.03", "exception": null, "traceback": null}}, {"model": "django_apscheduler.djangojobexecution", "pk": 255, "fields": {"job": "my_job", "status": "Executed", "run_time": "2024-06-12T19:52:10Z", "duration": "0.01", "finished": "1718221930.01", "exception": null, "traceback": null}}, {"model": "django_apscheduler.djangojobexecution", "pk": 256, "fields": {"job": "my_job", "status": "Executed", "run_time": "2024-06-12T19:52:20Z", "duration": "0.02", "finished": "1718221940.02", "exception": null, "traceback": null}}, {"model": "django_apscheduler.djangojobexecution", "pk": 257, "fields": {"job": "my_job", "status": "Executed", "run_time": "2024-06-12T19:52:30Z", "duration": "0.02", "finished": "1718221950.02", "exception": null, "traceback": null}}, {"model": "django_apscheduler.djangojobexecution", "pk": 258, "fields": {"job": "my_job", "status": "Executed", "run_time": "2024-06-12T19:52:40Z", "duration": "0.02", "finished": "1718221960.02", "exception": null, "traceback": null}}, {"model": "django_apscheduler.djangojobexecution", "pk": 259, "fields": {"job": "my_job", "status": "Executed", "run_time": "2024-06-12T19:52:50Z", "duration": "0.02", "finished": "1718221970.02", "exception": null, "traceback": null}}, {"model": "django_apscheduler.djangojobexecution", "pk": 260, "fields": {"job": "my_job", "status": "Executed", "run_time": "2024-06-12T19:53:00Z", "duration": "0.02", "finished": "1718221980.02", "exception": null, "traceback": null}}, {"model": "django_apscheduler.djangojobexecution", "pk": 261, "fields": {"job": "my_job", "status": "Executed", "run_time": "2024-06-12T19:53:10Z", "duration": "0.03", "finished": "1718221990.03", "exception": null, "traceback": null}}, {"model": "django_apscheduler.djangojobexecution", "pk": 262, "fields": {"job": "my_job", "status": "Executed", "run_time": "2024-06-12T19:53:20Z", "duration": "0.02", "finished": "1718222000.02", "exception": null, "traceback": null}}, {"model": "django_apscheduler.djangojobexecution", "pk": 263, "fields": {"job": "my_job", "status": "Executed", "run_time": "2024-06-12T19:53:30Z", "duration": "0.02", "finished": "1718222010.02", "exception": null, "traceback": null}}, {"model": "django_apscheduler.djangojobexecution", "pk": 264, "fields": {"job": "my_job", "status": "Executed", "run_time": "2024-06-12T19:53:40Z", "duration": "0.02", "finished": "1718222020.02", "exception": null, "traceback": null}}, {"model": "django_apscheduler.djangojobexecution", "pk": 265, "fields": {"job": "my_job", "status": "Executed", "run_time": "2024-06-12T19:53:50Z", "duration": "0.02", "finished": "1718222030.02", "exception": null, "traceback": null}}, {"model": "django_apscheduler.djangojobexecution", "pk": 266, "fields": {"job": "my_job", "status": "Executed", "run_time": "2024-06-12T19:54:00Z", "duration": "0.02", "finished": "1718222040.02", "exception": null, "traceback": null}}, {"model": "django_apscheduler.djangojobexecution", "pk": 267, "fields": {"job": "my_job", "status": "Executed", "run_time": "2024-06-12T19:54:10Z", "duration": "0.02", "finished": "1718222050.02", "exception": null, "traceback": null}}, {"model": "django_apscheduler.djangojobexecution", "pk": 268, "fields": {"job": "my_job", "status": "Executed", "run_time": "2024-06-12T19:54:20Z", "duration": "0.01", "finished": "1718222060.01", "exception": null, "traceback": null}}, {"model": "django_apscheduler.djangojobexecution", "pk": 269, "fields": {"job": "my_job", "status": "Executed", "run_time": "2024-06-12T19:54:30Z", "duration": "0.03", "finished": "1718222070.03", "exception": null, "traceback": null}}, {"model": "django_apscheduler.djangojobexecution", "pk": 270, "fields": {"job": "my_job", "status": "Executed", "run_time": "2024-06-12T19:54:40Z", "duration": "0.03", "finished": "1718222080.03", "exception": null, "traceback": null}}, {"model": "django_apscheduler.djangojobexecution", "pk": 271, "fields": {"job": "my_job", "status": "Executed", "run_time": "2024-06-12T19:54:50Z", "duration": "0.01", "finished": "1718222090.01", "exception": null, "traceback": null}}, {"model": "django_apscheduler.djangojobexecution", "pk": 272, "fields": {"job": "my_job", "status": "Executed", "run_time": "2024-06-12T19:55:00Z", "duration": "0.02", "finished": "1718222100.02", "exception": null, "traceback": null}}, {"model": "django_apscheduler.djangojobexecution", "pk": 273, "fields": {"job": "my_job", "status": "Executed", "run_time": "2024-06-12T19:55:20Z", "duration": "0.16", "finished": "1718222120.16", "exception": null, "traceback": null}}, {"model": "django_apscheduler.djangojobexecution", "pk": 274, "fields": {"job": "my_job", "status": "Executed", "run_time": "2024-06-12T19:55:30Z", "duration": "0.01", "finished": "1718222130.01", "exception": null, "traceback": null}}, {"model": "django_apscheduler.djangojobexecution", "pk": 275, "fields": {"job": "my_job", "status": "Executed", "run_time": "2024-06-12T19:55:40Z", "duration": "0.03", "finished": "1718222140.03", "exception": null, "traceback": null}}, {"model": "django_apscheduler.djangojobexecution", "pk": 276, "fields": {"job": "my_job", "status": "Executed", "run_time": "2024-06-12T19:55:50Z", "duration": "0.02", "finished": "1718222150.02", "exception": null, "traceback": null}}, {"model": "django_apscheduler.djangojobexecution", "pk": 277, "fields": {"job": "my_job", "status": "Executed", "run_time": "2024-06-12T19:56:00Z", "duration": "0.02", "finished": "1718222160.02", "exception": null, "traceback": null}}, {"model": "django_apscheduler.djangojobexecution", "pk": 278, "fields": {"job": "my_job", "status": "Executed", "run_time": "2024-06-12T19:56:10Z", "duration": "0.02", "finished": "1718222170.02", "exception": null, "traceback": null}}, {"model": "django_apscheduler.djangojobexecution", "pk": 279, "fields": {"job": "my_job", "status": "Executed", "run_time": "2024-06-12T19:56:20Z", "duration": "0.03", "finished": "1718222180.03", "exception": null, "traceback": null}}, {"model": "django_apscheduler.djangojobexecution", "pk": 280, "fields": {"job": "my_job", "status": "Executed", "run_time": "2024-06-12T19:56:30Z", "duration": "0.02", "finished": "1718222190.02", "exception": null, "traceback": null}}, {"model": "django_apscheduler.djangojobexecution", "pk": 281, "fields": {"job": "my_job", "status": "Executed", "run_time": "2024-06-12T19:56:40Z", "duration": "0.02", "finished": "1718222200.02", "exception": null, "traceback": null}}, {"model": "django_apscheduler.djangojobexecution", "pk": 282, "fields": {"job": "my_job", "status": "Executed", "run_time": "2024-06-12T19:56:50Z", "duration": "0.02", "finished": "1718222210.02", "exception": null, "traceback": null}}, {"model": "django_apscheduler.djangojobexecution", "pk": 283, "fields": {"job": "my_job", "status": "Executed", "run_time": "2024-06-12T19:57:00Z", "duration": "0.02", "finished": "1718222220.02", "exception": null, "traceback": null}}, {"model": "django_apscheduler.djangojobexecution", "pk": 284, "fields": {"job": "my_job", "status": "Executed", "run_time": "2024-06-12T19:57:10Z", "duration": "0.02", "finished": "1718222230.02", "exception": null, "traceback": null}}, {"model": "django_apscheduler.djangojobexecution", "pk": 285, "fields": {"job": "my_job", "status": "Executed", "run_time": "2024-06-12T19:57:20Z", "duration": "0.03", "finished": "1718222240.03", "exception": null, "traceback": null}}, {"model": "django_apscheduler.djangojobexecution", "pk": 286, "fields": {"job": "my_job", "status": "Executed", "run_time": "2024-06-12T19:57:30Z", "duration": "0.02", "finished": "1718222250.02", "exception": null, "traceback": null}}, {"model": "django_apscheduler.djangojobexecution", "pk": 287, "fields": {"job": "my_job", "status": "Executed", "run_time": "2024-06-12T19:57:40Z", "duration": "0.03", "finished": "1718222260.03", "exception": null, "traceback": null}}, {"model": "django_apscheduler.djangojobexecution", "pk": 288, "fields": {"job": "my_job", "status": "Executed", "run_time": "2024-06-12T19:57:50Z", "duration": "0.03", "finished": "1718222270.03", "exception": null, "traceback": null}}, {"model": "django_apscheduler.djangojobexecution", "pk": 289, "fields": {"job": "my_job", "status": "Executed", "run_time": "2024-06-12T19:58:00Z", "duration": "0.03", "finished": "1718222280.03", "exception": null, "traceback": null}}, {"model": "django_apscheduler.djangojobexecution", "pk": 290, "fields": {"job": "my_job", "status": "Executed", "run_time": "2024-06-12T19:58:10Z", "duration": "0.03", "finished": "1718222290.03", "exception": null, "traceback": null}}, {"model": "django_apscheduler.djangojobexecution", "pk": 291, "fields": {"job": "my_job", "status": "Executed", "run_time": "2024-06-12T19:58:20Z", "duration": "0.02", "finished": "1718222300.02", "exception": null, "traceback": null}}, {"model": "django_apscheduler.djangojobexecution", "pk": 292, "fields": {"job": "my_job", "status": "Executed", "run_time": "2024-06-12T19:58:30Z", "duration": "0.02", "finished": "1718222310.02", "exception": null, "traceback": null}}, {"model": "django_apscheduler.djangojobexecution", "pk": 293, "fields": {"job": "my_job", "status": "Executed", "run_time": "2024-06-12T19:58:40Z", "duration": "0.02", "finished": "1718222320.02", "exception": null, "traceback": null}}, {"model": "django_apscheduler.djangojobexecution", "pk": 294, "fields": {"job": "my_job", "status": "Executed", "run_time": "2024-06-12T19:58:50Z", "duration": "0.01", "finished": "1718222330.01", "exception": null, "traceback": null}}, {"model": "django_apscheduler.djangojobexecution", "pk": 295, "fields": {"job": "my_job", "status": "Executed", "run_time": "2024-06-12T19:59:00Z", "duration": "0.03", "finished": "1718222340.03", "exception": null, "traceback": null}}, {"model": "django_apscheduler.djangojobexecution", "pk": 296, "fields": {"job": "my_job", "status": "Executed", "run_time": "2024-06-12T19:59:10Z", "duration": "0.01", "finished": "1718222350.01", "exception": null, "traceback": null}}, {"model": "django_apscheduler.djangojobexecution", "pk": 297, "fields": {"job": "my_job", "status": "Executed", "run_time": "2024-06-12T19:59:20Z", "duration": "0.03", "finished": "1718222360.03", "exception": null, "traceback": null}}, {"model": "django_apscheduler.djangojobexecution", "pk": 298, "fields": {"job": "my_job", "status": "Executed", "run_time": "2024-06-12T19:59:30Z", "duration": "0.02", "finished": "1718222370.02", "exception": null, "traceback": null}}, {"model": "django_apscheduler.djangojobexecution", "pk": 299, "fields": {"job": "my_job", "status": "Executed", "run_time": "2024-06-12T19:59:40Z", "duration": "0.01", "finished": "1718222380.01", "exception": null, "traceback": null}}, {"model": "django_apscheduler.djangojobexecution", "pk": 300, "fields": {"job": "my_job", "status": "Executed", "run_time": "2024-06-12T19:59:50Z", "duration": "0.02", "finished": "1718222390.02", "exception": null, "traceback": null}}, {"model": "django_apscheduler.djangojobexecution", "pk": 301, "fields": {"job": "my_job", "status": "Executed", "run_time": "2024-06-12T20:00:00Z", "duration": "0.03", "finished": "1718222400.03", "exception": null, "traceback": null}}, {"model": "django_apscheduler.djangojobexecution", "pk": 302, "fields": {"job": "my_job", "status": "Executed", "run_time": "2024-06-12T20:00:10Z", "duration": "0.02", "finished": "1718222410.02", "exception": null, "traceback": null}}, {"model": "django_apscheduler.djangojobexecution", "pk": 303, "fields": {"job": "my_job", "status": "Executed", "run_time": "2024-06-12T20:00:20Z", "duration": "0.02", "finished": "1718222420.02", "exception": null, "traceback": null}}, {"model": "django_apscheduler.djangojobexecution", "pk": 304, "fields": {"job": "my_job", "status": "Executed", "run_time": "2024-06-12T20:00:30Z", "duration": "0.03", "finished": "1718222430.03", "exception": null, "traceback": null}}, {"model": "django_apscheduler.djangojobexecution", "pk": 305, "fields": {"job": "my_job", "status": "Executed", "run_time": "2024-06-12T20:00:40Z", "duration": "0.02", "finished": "1718222440.02", "exception": null, "traceback": null}}, {"model": "django_apscheduler.djangojobexecution", "pk": 306, "fields": {"job": "my_job", "status": "Executed", "run_time": "2024-06-12T20:00:50Z", "duration": "0.01", "finished": "1718222450.01", "exception": null, "traceback": null}}, {"model": "django_apscheduler.djangojobexecution", "pk": 307, "fields": {"job": "my_job", "status": "Executed", "run_time": "2024-06-12T20:01:00Z", "duration": "0.02", "finished": "1718222460.02", "exception": null, "traceback": null}}, {"model": "django_apscheduler.djangojobexecution", "pk": 308, "fields": {"job": "my_job", "status": "Executed", "run_time": "2024-06-12T20:01:30Z", "duration": "0.20", "finished": "1718222490.20", "exception": null, "traceback": null}}, {"model": "django_apscheduler.djangojobexecution", "pk": 309, "fields": {"job": "my_job", "status": "Executed", "run_time": "2024-06-12T20:01:40Z", "duration": "0.03", "finished": "1718222500.03", "exception": null, "traceback": null}}, {"model": "django_apscheduler.djangojobexecution", "pk": 310, "fields": {"job": "my_job", "status": "Executed", "run_time": "2024-06-12T20:01:50Z", "duration": "0.02", "finished": "1718222510.02", "exception": null, "traceback": null}}, {"model": "django_apscheduler.djangojobexecution", "pk": 311, "fields": {"job": "my_job", "status": "Executed", "run_time": "2024-06-12T20:02:00Z", "duration": "0.03", "finished": "1718222520.03", "exception": null, "traceback": null}}, {"model": "django_apscheduler.djangojobexecution", "pk": 312, "fields": {"job": "my_job", "status": "Executed", "run_time": "2024-06-12T20:02:10Z", "duration": "0.03", "finished": "1718222530.03", "exception": null, "traceback": null}}, {"model": "django_apscheduler.djangojobexecution", "pk": 313, "fields": {"job": "my_job", "status": "Executed", "run_time": "2024-06-12T20:02:20Z", "duration": "0.01", "finished": "1718222540.01", "exception": null, "traceback": null}}, {"model": "django_apscheduler.djangojobexecution", "pk": 314, "fields": {"job": "my_job", "status": "Executed", "run_time": "2024-06-12T20:02:30Z", "duration": "0.03", "finished": "1718222550.03", "exception": null, "traceback": null}}, {"model": "django_apscheduler.djangojobexecution", "pk": 315, "fields": {"job": "my_job", "status": "Executed", "run_time": "2024-06-12T20:02:40Z", "duration": "0.03", "finished": "1718222560.03", "exception": null, "traceback": null}}, {"model": "django_apscheduler.djangojobexecution", "pk": 316, "fields": {"job": "my_job", "status": "Executed", "run_time": "2024-06-12T20:02:50Z", "duration": "0.03", "finished": "1718222570.03", "exception": null, "traceback": null}}, {"model": "django_apscheduler.djangojobexecution", "pk": 317, "fields": {"job": "my_job", "status": "Executed", "run_time": "2024-06-12T20:03:00Z", "duration": "0.02", "finished": "1718222580.02", "exception": null, "traceback": null}}, {"model": "django_apscheduler.djangojobexecution", "pk": 318, "fields": {"job": "my_job", "status": "Executed", "run_time": "2024-06-12T20:03:10Z", "duration": "0.02", "finished": "1718222590.02", "exception": null, "traceback": null}}, {"model": "django_apscheduler.djangojobexecution", "pk": 319, "fields": {"job": "my_job", "status": "Executed", "run_time": "2024-06-12T20:03:20Z", "duration": "0.03", "finished": "1718222600.03", "exception": null, "traceback": null}}, {"model": "django_apscheduler.djangojobexecution", "pk": 320, "fields": {"job": "my_job", "status": "Executed", "run_time": "2024-06-12T20:03:30Z", "duration": "0.02", "finished": "1718222610.02", "exception": null, "traceback": null}}, {"model": "django_apscheduler.djangojobexecution", "pk": 321, "fields": {"job": "my_job", "status": "Executed", "run_time": "2024-06-12T20:03:40Z", "duration": "0.02", "finished": "1718222620.02", "exception": null, "traceback": null}}, {"model": "django_apscheduler.djangojobexecution", "pk": 322, "fields": {"job": "my_job", "status": "Executed", "run_time": "2024-06-12T20:03:50Z", "duration": "0.03", "finished": "1718222630.03", "exception": null, "traceback": null}}, {"model": "django_apscheduler.djangojobexecution", "pk": 323, "fields": {"job": "my_job", "status": "Executed", "run_time": "2024-06-12T20:04:00Z", "duration": "0.02", "finished": "1718222640.02", "exception": null, "traceback": null}}, {"model": "django_apscheduler.djangojobexecution", "pk": 324, "fields": {"job": "my_job", "status": "Executed", "run_time": "2024-06-12T20:04:10Z", "duration": "0.01", "finished": "1718222650.01", "exception": null, "traceback": null}}, {"model": "django_apscheduler.djangojobexecution", "pk": 325, "fields": {"job": "my_job", "status": "Executed", "run_time": "2024-06-12T20:04:20Z", "duration": "0.02", "finished": "1718222660.02", "exception": null, "traceback": null}}, {"model": "django_apscheduler.djangojobexecution", "pk": 326, "fields": {"job": "my_job", "status": "Executed", "run_time": "2024-06-12T20:04:30Z", "duration": "0.01", "finished": "1718222670.01", "exception": null, "traceback": null}}, {"model": "django_apscheduler.djangojobexecution", "pk": 327, "fields": {"job": "my_job", "status": "Executed", "run_time": "2024-06-13T03:33:10Z", "duration": "0.15", "finished": "1718249590.15", "exception": null, "traceback": null}}, {"model": "django_apscheduler.djangojobexecution", "pk": 328, "fields": {"job": "my_job", "status": "Error!", "run_time": "2024-06-13T03:33:20Z", "duration": "0.03", "finished": "1718249600.03", "exception": "'Newsletter' object has no attribute 'date_finish'", "traceback": "  File \"C:\\Users\\casper\\PycharmProjects\\Coursework_6_mailing_service\\venv\\Lib\\site-packages\\apscheduler\\executors\\base.py\", line 125, in run_job\n    retval = job.func(*job.args, **job.kwargs)\n             ^^^^^^^^^^^^^^^^^^^^^^^^^^^^^^^^^\n  File \"C:\\Users\\casper\\PycharmProjects\\Coursework_6_mailing_service\\main\\management\\commands\\runapscheduler.py\", line 21, in my_job\n    send_mail_by_time()\n  File \"C:\\Users\\casper\\PycharmProjects\\Coursework_6_mailing_service\\main\\services.py\", line 49, in send_mail_by_time\n    change_newsletter_status(newsletter, current_datetime)\n  File \"C:\\Users\\casper\\PycharmProjects\\Coursework_6_mailing_service\\main\\services.py\", line 19, in change_newsletter_status\n    elif newsletter.status == 'launched' and newsletter.date_finish <= current_datetime:\n                                             ^^^^^^^^^^^^^^^^^^^^^^\n"}}, {"model": "django_apscheduler.djangojobexecution", "pk": 329, "fields": {"job": "my_job", "status": "Error!", "run_time": "2024-06-13T03:33:30Z", "duration": "0.02", "finished": "1718249610.02", "exception": "'Newsletter' object has no attribute 'date_finish'", "traceback": "  File \"C:\\Users\\casper\\PycharmProjects\\Coursework_6_mailing_service\\venv\\Lib\\site-packages\\apscheduler\\executors\\base.py\", line 125, in run_job\n    retval = job.func(*job.args, **job.kwargs)\n             ^^^^^^^^^^^^^^^^^^^^^^^^^^^^^^^^^\n  File \"C:\\Users\\casper\\PycharmProjects\\Coursework_6_mailing_service\\main\\management\\commands\\runapscheduler.py\", line 21, in my_job\n    send_mail_by_time()\n  File \"C:\\Users\\casper\\PycharmProjects\\Coursework_6_mailing_service\\main\\services.py\", line 49, in send_mail_by_time\n    change_newsletter_status(newsletter, current_datetime)\n  File \"C:\\Users\\casper\\PycharmProjects\\Coursework_6_mailing_service\\main\\services.py\", line 19, in change_newsletter_status\n    elif newsletter.status == 'launched' and newsletter.date_finish <= current_datetime:\n                                             ^^^^^^^^^^^^^^^^^^^^^^\n"}}, {"model": "django_apscheduler.djangojobexecution", "pk": 330, "fields": {"job": "my_job", "status": "Error!", "run_time": "2024-06-13T03:33:40Z", "duration": "0.02", "finished": "1718249620.02", "exception": "'Newsletter' object has no attribute 'date_finish'", "traceback": "  File \"C:\\Users\\casper\\PycharmProjects\\Coursework_6_mailing_service\\venv\\Lib\\site-packages\\apscheduler\\executors\\base.py\", line 125, in run_job\n    retval = job.func(*job.args, **job.kwargs)\n             ^^^^^^^^^^^^^^^^^^^^^^^^^^^^^^^^^\n  File \"C:\\Users\\casper\\PycharmProjects\\Coursework_6_mailing_service\\main\\management\\commands\\runapscheduler.py\", line 21, in my_job\n    send_mail_by_time()\n  File \"C:\\Users\\casper\\PycharmProjects\\Coursework_6_mailing_service\\main\\services.py\", line 49, in send_mail_by_time\n    change_newsletter_status(newsletter, current_datetime)\n  File \"C:\\Users\\casper\\PycharmProjects\\Coursework_6_mailing_service\\main\\services.py\", line 19, in change_newsletter_status\n    elif newsletter.status == 'launched' and newsletter.date_finish <= current_datetime:\n                                             ^^^^^^^^^^^^^^^^^^^^^^\n"}}, {"model": "django_apscheduler.djangojobexecution", "pk": 331, "fields": {"job": "my_job", "status": "Error!", "run_time": "2024-06-13T03:33:50Z", "duration": "0.02", "finished": "1718249630.02", "exception": "'Newsletter' object has no attribute 'date_finish'", "traceback": "  File \"C:\\Users\\casper\\PycharmProjects\\Coursework_6_mailing_service\\venv\\Lib\\site-packages\\apscheduler\\executors\\base.py\", line 125, in run_job\n    retval = job.func(*job.args, **job.kwargs)\n             ^^^^^^^^^^^^^^^^^^^^^^^^^^^^^^^^^\n  File \"C:\\Users\\casper\\PycharmProjects\\Coursework_6_mailing_service\\main\\management\\commands\\runapscheduler.py\", line 21, in my_job\n    send_mail_by_time()\n  File \"C:\\Users\\casper\\PycharmProjects\\Coursework_6_mailing_service\\main\\services.py\", line 49, in send_mail_by_time\n    change_newsletter_status(newsletter, current_datetime)\n  File \"C:\\Users\\casper\\PycharmProjects\\Coursework_6_mailing_service\\main\\services.py\", line 19, in change_newsletter_status\n    elif newsletter.status == 'launched' and newsletter.date_finish <= current_datetime:\n                                             ^^^^^^^^^^^^^^^^^^^^^^\n"}}, {"model": "django_apscheduler.djangojobexecution", "pk": 332, "fields": {"job": "my_job", "status": "Error!", "run_time": "2024-06-13T03:34:00Z", "duration": "0.02", "finished": "1718249640.02", "exception": "'Newsletter' object has no attribute 'date_finish'", "traceback": "  File \"C:\\Users\\casper\\PycharmProjects\\Coursework_6_mailing_service\\venv\\Lib\\site-packages\\apscheduler\\executors\\base.py\", line 125, in run_job\n    retval = job.func(*job.args, **job.kwargs)\n             ^^^^^^^^^^^^^^^^^^^^^^^^^^^^^^^^^\n  File \"C:\\Users\\casper\\PycharmProjects\\Coursework_6_mailing_service\\main\\management\\commands\\runapscheduler.py\", line 21, in my_job\n    send_mail_by_time()\n  File \"C:\\Users\\casper\\PycharmProjects\\Coursework_6_mailing_service\\main\\services.py\", line 49, in send_mail_by_time\n    change_newsletter_status(newsletter, current_datetime)\n  File \"C:\\Users\\casper\\PycharmProjects\\Coursework_6_mailing_service\\main\\services.py\", line 19, in change_newsletter_status\n    elif newsletter.status == 'launched' and newsletter.date_finish <= current_datetime:\n                                             ^^^^^^^^^^^^^^^^^^^^^^\n"}}, {"model": "django_apscheduler.djangojobexecution", "pk": 333, "fields": {"job": "my_job", "status": "Error!", "run_time": "2024-06-13T03:34:10Z", "duration": "0.03", "finished": "1718249650.03", "exception": "'Newsletter' object has no attribute 'date_finish'", "traceback": "  File \"C:\\Users\\casper\\PycharmProjects\\Coursework_6_mailing_service\\venv\\Lib\\site-packages\\apscheduler\\executors\\base.py\", line 125, in run_job\n    retval = job.func(*job.args, **job.kwargs)\n             ^^^^^^^^^^^^^^^^^^^^^^^^^^^^^^^^^\n  File \"C:\\Users\\casper\\PycharmProjects\\Coursework_6_mailing_service\\main\\management\\commands\\runapscheduler.py\", line 21, in my_job\n    send_mail_by_time()\n  File \"C:\\Users\\casper\\PycharmProjects\\Coursework_6_mailing_service\\main\\services.py\", line 49, in send_mail_by_time\n    change_newsletter_status(newsletter, current_datetime)\n  File \"C:\\Users\\casper\\PycharmProjects\\Coursework_6_mailing_service\\main\\services.py\", line 19, in change_newsletter_status\n    elif newsletter.status == 'launched' and newsletter.date_finish <= current_datetime:\n                                             ^^^^^^^^^^^^^^^^^^^^^^\n"}}, {"model": "django_apscheduler.djangojobexecution", "pk": 334, "fields": {"job": "my_job", "status": "Error!", "run_time": "2024-06-13T03:34:20Z", "duration": "0.03", "finished": "1718249660.03", "exception": "'Newsletter' object has no attribute 'date_finish'", "traceback": "  File \"C:\\Users\\casper\\PycharmProjects\\Coursework_6_mailing_service\\venv\\Lib\\site-packages\\apscheduler\\executors\\base.py\", line 125, in run_job\n    retval = job.func(*job.args, **job.kwargs)\n             ^^^^^^^^^^^^^^^^^^^^^^^^^^^^^^^^^\n  File \"C:\\Users\\casper\\PycharmProjects\\Coursework_6_mailing_service\\main\\management\\commands\\runapscheduler.py\", line 21, in my_job\n    send_mail_by_time()\n  File \"C:\\Users\\casper\\PycharmProjects\\Coursework_6_mailing_service\\main\\services.py\", line 49, in send_mail_by_time\n    change_newsletter_status(newsletter, current_datetime)\n  File \"C:\\Users\\casper\\PycharmProjects\\Coursework_6_mailing_service\\main\\services.py\", line 19, in change_newsletter_status\n    elif newsletter.status == 'launched' and newsletter.datetime_finish <= current_datetime:\n                                             ^^^^^^^^^^^^^^^^^^^^^^\n"}}, {"model": "django_apscheduler.djangojobexecution", "pk": 335, "fields": {"job": "my_job", "status": "Executed", "run_time": "2024-06-13T03:34:40Z", "duration": "0.14", "finished": "1718249680.14", "exception": null, "traceback": null}}, {"model": "django_apscheduler.djangojobexecution", "pk": 336, "fields": {"job": "my_job", "status": "Executed", "run_time": "2024-06-13T03:34:50Z", "duration": "0.02", "finished": "1718249690.02", "exception": null, "traceback": null}}, {"model": "django_apscheduler.djangojobexecution", "pk": 337, "fields": {"job": "my_job", "status": "Executed", "run_time": "2024-06-13T03:35:00Z", "duration": "0.02", "finished": "1718249700.02", "exception": null, "traceback": null}}, {"model": "django_apscheduler.djangojobexecution", "pk": 338, "fields": {"job": "my_job", "status": "Executed", "run_time": "2024-06-13T03:35:10Z", "duration": "0.02", "finished": "1718249710.02", "exception": null, "traceback": null}}, {"model": "django_apscheduler.djangojobexecution", "pk": 339, "fields": {"job": "my_job", "status": "Executed", "run_time": "2024-06-13T03:35:20Z", "duration": "0.02", "finished": "1718249720.02", "exception": null, "traceback": null}}, {"model": "django_apscheduler.djangojobexecution", "pk": 340, "fields": {"job": "my_job", "status": "Executed", "run_time": "2024-06-13T03:35:30Z", "duration": "0.01", "finished": "1718249730.01", "exception": null, "traceback": null}}, {"model": "django_apscheduler.djangojobexecution", "pk": 341, "fields": {"job": "my_job", "status": "Executed", "run_time": "2024-06-13T03:35:40Z", "duration": "0.02", "finished": "1718249740.02", "exception": null, "traceback": null}}, {"model": "django_apscheduler.djangojobexecution", "pk": 342, "fields": {"job": "my_job", "status": "Executed", "run_time": "2024-06-13T03:35:50Z", "duration": "0.01", "finished": "1718249750.01", "exception": null, "traceback": null}}, {"model": "django_apscheduler.djangojobexecution", "pk": 343, "fields": {"job": "my_job", "status": "Executed", "run_time": "2024-06-13T03:36:00Z", "duration": "0.03", "finished": "1718249760.03", "exception": null, "traceback": null}}, {"model": "django_apscheduler.djangojobexecution", "pk": 344, "fields": {"job": "my_job", "status": "Executed", "run_time": "2024-06-13T03:36:10Z", "duration": "0.03", "finished": "1718249770.03", "exception": null, "traceback": null}}, {"model": "django_apscheduler.djangojobexecution", "pk": 345, "fields": {"job": "my_job", "status": "Executed", "run_time": "2024-06-13T03:36:20Z", "duration": "0.01", "finished": "1718249780.01", "exception": null, "traceback": null}}, {"model": "django_apscheduler.djangojobexecution", "pk": 346, "fields": {"job": "my_job", "status": "Executed", "run_time": "2024-06-13T03:36:30Z", "duration": "0.02", "finished": "1718249790.02", "exception": null, "traceback": null}}, {"model": "django_apscheduler.djangojobexecution", "pk": 347, "fields": {"job": "my_job", "status": "Executed", "run_time": "2024-06-13T03:36:40Z", "duration": "0.02", "finished": "1718249800.02", "exception": null, "traceback": null}}, {"model": "django_apscheduler.djangojobexecution", "pk": 348, "fields": {"job": "my_job", "status": "Executed", "run_time": "2024-06-13T03:36:50Z", "duration": "0.01", "finished": "1718249810.01", "exception": null, "traceback": null}}, {"model": "django_apscheduler.djangojobexecution", "pk": 349, "fields": {"job": "my_job", "status": "Executed", "run_time": "2024-06-13T03:37:00Z", "duration": "0.01", "finished": "1718249820.01", "exception": null, "traceback": null}}, {"model": "django_apscheduler.djangojobexecution", "pk": 350, "fields": {"job": "my_job", "status": "Executed", "run_time": "2024-06-13T03:37:10Z", "duration": "0.02", "finished": "1718249830.02", "exception": null, "traceback": null}}, {"model": "django_apscheduler.djangojobexecution", "pk": 351, "fields": {"job": "my_job", "status": "Executed", "run_time": "2024-06-13T03:37:20Z", "duration": "0.03", "finished": "1718249840.03", "exception": null, "traceback": null}}, {"model": "django_apscheduler.djangojobexecution", "pk": 352, "fields": {"job": "my_job", "status": "Executed", "run_time": "2024-06-13T03:37:30Z", "duration": "0.02", "finished": "1718249850.02", "exception": null, "traceback": null}}, {"model": "django_apscheduler.djangojobexecution", "pk": 353, "fields": {"job": "my_job", "status": "Executed", "run_time": "2024-06-13T03:37:40Z", "duration": "0.02", "finished": "1718249860.02", "exception": null, "traceback": null}}, {"model": "django_apscheduler.djangojobexecution", "pk": 354, "fields": {"job": "my_job", "status": "Executed", "run_time": "2024-06-13T03:37:50Z", "duration": "0.02", "finished": "1718249870.02", "exception": null, "traceback": null}}, {"model": "django_apscheduler.djangojobexecution", "pk": 355, "fields": {"job": "my_job", "status": "Executed", "run_time": "2024-06-13T03:38:00Z", "duration": "0.02", "finished": "1718249880.02", "exception": null, "traceback": null}}, {"model": "django_apscheduler.djangojobexecution", "pk": 356, "fields": {"job": "my_job", "status": "Executed", "run_time": "2024-06-13T03:38:10Z", "duration": "0.02", "finished": "1718249890.02", "exception": null, "traceback": null}}, {"model": "django_apscheduler.djangojobexecution", "pk": 357, "fields": {"job": "my_job", "status": "Executed", "run_time": "2024-06-13T03:38:20Z", "duration": "0.02", "finished": "1718249900.02", "exception": null, "traceback": null}}, {"model": "django_apscheduler.djangojobexecution", "pk": 358, "fields": {"job": "my_job", "status": "Executed", "run_time": "2024-06-13T03:38:30Z", "duration": "0.03", "finished": "1718249910.03", "exception": null, "traceback": null}}, {"model": "django_apscheduler.djangojobexecution", "pk": 359, "fields": {"job": "my_job", "status": "Executed", "run_time": "2024-06-13T03:38:40Z", "duration": "0.01", "finished": "1718249920.01", "exception": null, "traceback": null}}, {"model": "django_apscheduler.djangojobexecution", "pk": 360, "fields": {"job": "my_job", "status": "Executed", "run_time": "2024-06-13T03:38:50Z", "duration": "0.02", "finished": "1718249930.02", "exception": null, "traceback": null}}, {"model": "django_apscheduler.djangojobexecution", "pk": 361, "fields": {"job": "my_job", "status": "Executed", "run_time": "2024-06-13T03:39:00Z", "duration": "0.01", "finished": "1718249940.01", "exception": null, "traceback": null}}, {"model": "django_apscheduler.djangojobexecution", "pk": 362, "fields": {"job": "my_job", "status": "Executed", "run_time": "2024-06-13T03:39:10Z", "duration": "0.01", "finished": "1718249950.01", "exception": null, "traceback": null}}, {"model": "django_apscheduler.djangojobexecution", "pk": 363, "fields": {"job": "my_job", "status": "Executed", "run_time": "2024-06-13T03:39:20Z", "duration": "0.02", "finished": "1718249960.02", "exception": null, "traceback": null}}, {"model": "django_apscheduler.djangojobexecution", "pk": 364, "fields": {"job": "my_job", "status": "Executed", "run_time": "2024-06-13T03:39:30Z", "duration": "0.02", "finished": "1718249970.02", "exception": null, "traceback": null}}, {"model": "django_apscheduler.djangojobexecution", "pk": 365, "fields": {"job": "my_job", "status": "Executed", "run_time": "2024-06-13T03:39:40Z", "duration": "0.01", "finished": "1718249980.01", "exception": null, "traceback": null}}, {"model": "django_apscheduler.djangojobexecution", "pk": 366, "fields": {"job": "my_job", "status": "Executed", "run_time": "2024-06-13T03:39:50Z", "duration": "0.01", "finished": "1718249990.01", "exception": null, "traceback": null}}, {"model": "django_apscheduler.djangojobexecution", "pk": 367, "fields": {"job": "my_job", "status": "Executed", "run_time": "2024-06-13T03:40:00Z", "duration": "0.02", "finished": "1718250000.02", "exception": null, "traceback": null}}, {"model": "django_apscheduler.djangojobexecution", "pk": 368, "fields": {"job": "my_job", "status": "Executed", "run_time": "2024-06-13T03:40:10Z", "duration": "0.02", "finished": "1718250010.02", "exception": null, "traceback": null}}, {"model": "django_apscheduler.djangojobexecution", "pk": 369, "fields": {"job": "my_job", "status": "Executed", "run_time": "2024-06-13T03:40:20Z", "duration": "0.02", "finished": "1718250020.02", "exception": null, "traceback": null}}, {"model": "django_apscheduler.djangojobexecution", "pk": 370, "fields": {"job": "my_job", "status": "Error!", "run_time": "2024-06-13T03:40:30Z", "duration": "0.02", "finished": "1718250030.02", "exception": "'Message' object has no attribute 'message'", "traceback": "  File \"C:\\Users\\casper\\PycharmProjects\\Coursework_6_mailing_service\\venv\\Lib\\site-packages\\apscheduler\\executors\\base.py\", line 125, in run_job\n    retval = job.func(*job.args, **job.kwargs)\n             ^^^^^^^^^^^^^^^^^^^^^^^^^^^^^^^^^\n  File \"C:\\Users\\casper\\PycharmProjects\\Coursework_6_mailing_service\\main\\management\\commands\\runapscheduler.py\", line 21, in my_job\n    send_mail_by_time()\n  File \"C:\\Users\\casper\\PycharmProjects\\Coursework_6_mailing_service\\main\\services.py\", line 56, in send_mail_by_time\n    message=newsletter.message.message,\n            ^^^^^^^^^^^^^^^^^^^^^^^^^^\n"}}, {"model": "django_apscheduler.djangojobexecution", "pk": 371, "fields": {"job": "my_job", "status": "Error!", "run_time": "2024-06-13T03:40:50Z", "duration": "0.19", "finished": "1718250050.19", "exception": "'Message' object has no attribute 'message'", "traceback": "  File \"C:\\Users\\casper\\PycharmProjects\\Coursework_6_mailing_service\\venv\\Lib\\site-packages\\apscheduler\\executors\\base.py\", line 125, in run_job\n    retval = job.func(*job.args, **job.kwargs)\n             ^^^^^^^^^^^^^^^^^^^^^^^^^^^^^^^^^\n  File \"C:\\Users\\casper\\PycharmProjects\\Coursework_6_mailing_service\\main\\management\\commands\\runapscheduler.py\", line 21, in my_job\n    send_mail_by_time()\n  File \"C:\\Users\\casper\\PycharmProjects\\Coursework_6_mailing_service\\main\\services.py\", line 56, in send_mail_by_time\n    message=newsletter.message.message,\n            ^^^^^^^^^^^^^^^^^^^^^^^^^^\n"}}, {"model": "django_apscheduler.djangojobexecution", "pk": 372, "fields": {"job": "my_job", "status": "Error!", "run_time": "2024-06-13T03:41:00Z", "duration": "0.02", "finished": "1718250060.02", "exception": "'Message' object has no attribute 'message'", "traceback": "  File \"C:\\Users\\casper\\PycharmProjects\\Coursework_6_mailing_service\\venv\\Lib\\site-packages\\apscheduler\\executors\\base.py\", line 125, in run_job\n    retval = job.func(*job.args, **job.kwargs)\n             ^^^^^^^^^^^^^^^^^^^^^^^^^^^^^^^^^\n  File \"C:\\Users\\casper\\PycharmProjects\\Coursework_6_mailing_service\\main\\management\\commands\\runapscheduler.py\", line 21, in my_job\n    send_mail_by_time()\n  File \"C:\\Users\\casper\\PycharmProjects\\Coursework_6_mailing_service\\main\\services.py\", line 56, in send_mail_by_time\n    message=newsletter.message.message,\n            ^^^^^^^^^^^^^^^^^^^^^^^^^^\n"}}, {"model": "django_apscheduler.djangojobexecution", "pk": 373, "fields": {"job": "my_job", "status": "Error!", "run_time": "2024-06-13T03:41:10Z", "duration": "0.03", "finished": "1718250070.03", "exception": "'Message' object has no attribute 'message'", "traceback": "  File \"C:\\Users\\casper\\PycharmProjects\\Coursework_6_mailing_service\\venv\\Lib\\site-packages\\apscheduler\\executors\\base.py\", line 125, in run_job\n    retval = job.func(*job.args, **job.kwargs)\n             ^^^^^^^^^^^^^^^^^^^^^^^^^^^^^^^^^\n  File \"C:\\Users\\casper\\PycharmProjects\\Coursework_6_mailing_service\\main\\management\\commands\\runapscheduler.py\", line 21, in my_job\n    send_mail_by_time()\n  File \"C:\\Users\\casper\\PycharmProjects\\Coursework_6_mailing_service\\main\\services.py\", line 56, in send_mail_by_time\n    message=newsletter.message.message,\n            ^^^^^^^^^^^^^^^^^^^^^^^^^^\n"}}, {"model": "django_apscheduler.djangojobexecution", "pk": 374, "fields": {"job": "my_job", "status": "Error!", "run_time": "2024-06-13T03:41:20Z", "duration": "0.03", "finished": "1718250080.03", "exception": "'Message' object has no attribute 'message'", "traceback": "  File \"C:\\Users\\casper\\PycharmProjects\\Coursework_6_mailing_service\\venv\\Lib\\site-packages\\apscheduler\\executors\\base.py\", line 125, in run_job\n    retval = job.func(*job.args, **job.kwargs)\n             ^^^^^^^^^^^^^^^^^^^^^^^^^^^^^^^^^\n  File \"C:\\Users\\casper\\PycharmProjects\\Coursework_6_mailing_service\\main\\management\\commands\\runapscheduler.py\", line 21, in my_job\n    send_mail_by_time()\n  File \"C:\\Users\\casper\\PycharmProjects\\Coursework_6_mailing_service\\main\\services.py\", line 56, in send_mail_by_time\n    message=newsletter.message.message,\n            ^^^^^^^^^^^^^^^^^^^^^^^^^^\n"}}, {"model": "django_apscheduler.djangojobexecution", "pk": 375, "fields": {"job": "my_job", "status": "Error!", "run_time": "2024-06-13T03:41:30Z", "duration": "0.03", "finished": "1718250090.03", "exception": "'Message' object has no attribute 'message'", "traceback": "  File \"C:\\Users\\casper\\PycharmProjects\\Coursework_6_mailing_service\\venv\\Lib\\site-packages\\apscheduler\\executors\\base.py\", line 125, in run_job\n    retval = job.func(*job.args, **job.kwargs)\n             ^^^^^^^^^^^^^^^^^^^^^^^^^^^^^^^^^\n  File \"C:\\Users\\casper\\PycharmProjects\\Coursework_6_mailing_service\\main\\management\\commands\\runapscheduler.py\", line 21, in my_job\n    send_mail_by_time()\n  File \"C:\\Users\\casper\\PycharmProjects\\Coursework_6_mailing_service\\main\\services.py\", line 56, in send_mail_by_time\n    message=newsletter.message.message,\n            ^^^^^^^^^^^^^^^^^^^^^^^^^^\n"}}, {"model": "django_apscheduler.djangojobexecution", "pk": 376, "fields": {"job": "my_job", "status": "Error!", "run_time": "2024-06-13T03:41:40Z", "duration": "0.01", "finished": "1718250100.01", "exception": "'Message' object has no attribute 'message'", "traceback": "  File \"C:\\Users\\casper\\PycharmProjects\\Coursework_6_mailing_service\\venv\\Lib\\site-packages\\apscheduler\\executors\\base.py\", line 125, in run_job\n    retval = job.func(*job.args, **job.kwargs)\n             ^^^^^^^^^^^^^^^^^^^^^^^^^^^^^^^^^\n  File \"C:\\Users\\casper\\PycharmProjects\\Coursework_6_mailing_service\\main\\management\\commands\\runapscheduler.py\", line 21, in my_job\n    send_mail_by_time()\n  File \"C:\\Users\\casper\\PycharmProjects\\Coursework_6_mailing_service\\main\\services.py\", line 56, in send_mail_by_time\n    message=newsletter.message.message,\n            ^^^^^^^^^^^^^^^^^^^^^^^^^^\n"}}, {"model": "django_apscheduler.djangojobexecution", "pk": 377, "fields": {"job": "my_job", "status": "Error!", "run_time": "2024-06-13T03:41:50Z", "duration": "0.03", "finished": "1718250110.03", "exception": "'Message' object has no attribute 'message'", "traceback": "  File \"C:\\Users\\casper\\PycharmProjects\\Coursework_6_mailing_service\\venv\\Lib\\site-packages\\apscheduler\\executors\\base.py\", line 125, in run_job\n    retval = job.func(*job.args, **job.kwargs)\n             ^^^^^^^^^^^^^^^^^^^^^^^^^^^^^^^^^\n  File \"C:\\Users\\casper\\PycharmProjects\\Coursework_6_mailing_service\\main\\management\\commands\\runapscheduler.py\", line 21, in my_job\n    send_mail_by_time()\n  File \"C:\\Users\\casper\\PycharmProjects\\Coursework_6_mailing_service\\main\\services.py\", line 56, in send_mail_by_time\n    message=newsletter.message.message,\n            ^^^^^^^^^^^^^^^^^^^^^^^^^^\n"}}, {"model": "django_apscheduler.djangojobexecution", "pk": 378, "fields": {"job": "my_job", "status": "Error!", "run_time": "2024-06-13T03:42:00Z", "duration": "0.02", "finished": "1718250120.02", "exception": "'Message' object has no attribute 'message'", "traceback": "  File \"C:\\Users\\casper\\PycharmProjects\\Coursework_6_mailing_service\\venv\\Lib\\site-packages\\apscheduler\\executors\\base.py\", line 125, in run_job\n    retval = job.func(*job.args, **job.kwargs)\n             ^^^^^^^^^^^^^^^^^^^^^^^^^^^^^^^^^\n  File \"C:\\Users\\casper\\PycharmProjects\\Coursework_6_mailing_service\\main\\management\\commands\\runapscheduler.py\", line 21, in my_job\n    send_mail_by_time()\n  File \"C:\\Users\\casper\\PycharmProjects\\Coursework_6_mailing_service\\main\\services.py\", line 56, in send_mail_by_time\n    message=newsletter.message.message,\n            ^^^^^^^^^^^^^^^^^^^^^^^^^^\n"}}, {"model": "django_apscheduler.djangojobexecution", "pk": 379, "fields": {"job": "my_job", "status": "Error!", "run_time": "2024-06-13T03:42:10Z", "duration": "0.02", "finished": "1718250130.02", "exception": "'Message' object has no attribute 'message'", "traceback": "  File \"C:\\Users\\casper\\PycharmProjects\\Coursework_6_mailing_service\\venv\\Lib\\site-packages\\apscheduler\\executors\\base.py\", line 125, in run_job\n    retval = job.func(*job.args, **job.kwargs)\n             ^^^^^^^^^^^^^^^^^^^^^^^^^^^^^^^^^\n  File \"C:\\Users\\casper\\PycharmProjects\\Coursework_6_mailing_service\\main\\management\\commands\\runapscheduler.py\", line 21, in my_job\n    send_mail_by_time()\n  File \"C:\\Users\\casper\\PycharmProjects\\Coursework_6_mailing_service\\main\\services.py\", line 56, in send_mail_by_time\n    message=newsletter.message.message,\n            ^^^^^^^^^^^^^^^^^^^^^^^^^^\n"}}, {"model": "django_apscheduler.djangojobexecution", "pk": 380, "fields": {"job": "my_job", "status": "Error!", "run_time": "2024-06-13T03:42:20Z", "duration": "0.03", "finished": "1718250140.03", "exception": "'Message' object has no attribute 'message'", "traceback": "  File \"C:\\Users\\casper\\PycharmProjects\\Coursework_6_mailing_service\\venv\\Lib\\site-packages\\apscheduler\\executors\\base.py\", line 125, in run_job\n    retval = job.func(*job.args, **job.kwargs)\n             ^^^^^^^^^^^^^^^^^^^^^^^^^^^^^^^^^\n  File \"C:\\Users\\casper\\PycharmProjects\\Coursework_6_mailing_service\\main\\management\\commands\\runapscheduler.py\", line 21, in my_job\n    send_mail_by_time()\n  File \"C:\\Users\\casper\\PycharmProjects\\Coursework_6_mailing_service\\main\\services.py\", line 56, in send_mail_by_time\n    message=newsletter.message.message,\n            ^^^^^^^^^^^^^^^^^^^^^^^^^^\n"}}, {"model": "django_apscheduler.djangojobexecution", "pk": 381, "fields": {"job": "my_job", "status": "Error!", "run_time": "2024-06-13T03:42:30Z", "duration": "0.03", "finished": "1718250150.03", "exception": "'Message' object has no attribute 'message'", "traceback": "  File \"C:\\Users\\casper\\PycharmProjects\\Coursework_6_mailing_service\\venv\\Lib\\site-packages\\apscheduler\\executors\\base.py\", line 125, in run_job\n    retval = job.func(*job.args, **job.kwargs)\n             ^^^^^^^^^^^^^^^^^^^^^^^^^^^^^^^^^\n  File \"C:\\Users\\casper\\PycharmProjects\\Coursework_6_mailing_service\\main\\management\\commands\\runapscheduler.py\", line 21, in my_job\n    send_mail_by_time()\n  File \"C:\\Users\\casper\\PycharmProjects\\Coursework_6_mailing_service\\main\\services.py\", line 56, in send_mail_by_time\n    message=newsletter.message.body,\n            ^^^^^^^^^^^^^^^^^^^^^^^^^\n"}}, {"model": "django_apscheduler.djangojobexecution", "pk": 382, "fields": {"job": "my_job", "status": "Error!", "run_time": "2024-06-13T03:42:40Z", "duration": "0.95", "finished": "1718250160.95", "exception": "'Newsletter' object has no attribute 'date_send'", "traceback": "  File \"C:\\Users\\casper\\PycharmProjects\\Coursework_6_mailing_service\\venv\\Lib\\site-packages\\apscheduler\\executors\\base.py\", line 125, in run_job\n    retval = job.func(*job.args, **job.kwargs)\n             ^^^^^^^^^^^^^^^^^^^^^^^^^^^^^^^^^\n  File \"C:\\Users\\casper\\PycharmProjects\\Coursework_6_mailing_service\\main\\management\\commands\\runapscheduler.py\", line 21, in my_job\n    send_mail_by_time()\n  File \"C:\\Users\\casper\\PycharmProjects\\Coursework_6_mailing_service\\main\\services.py\", line 65, in send_mail_by_time\n    get_date_send(newsletter, current_datetime)\n  File \"C:\\Users\\casper\\PycharmProjects\\Coursework_6_mailing_service\\main\\services.py\", line 30, in get_date_send\n    if newsletter.date_send < current_datetime:\n       ^^^^^^^^^^^^^^^^^^^^\n"}}, {"model": "django_apscheduler.djangojobexecution", "pk": 383, "fields": {"job": "my_job", "status": "Error!", "run_time": "2024-06-13T03:42:50Z", "duration": "0.96", "finished": "1718250170.96", "exception": "'Newsletter' object has no attribute 'date_send'", "traceback": "  File \"C:\\Users\\casper\\PycharmProjects\\Coursework_6_mailing_service\\venv\\Lib\\site-packages\\apscheduler\\executors\\base.py\", line 125, in run_job\n    retval = job.func(*job.args, **job.kwargs)\n             ^^^^^^^^^^^^^^^^^^^^^^^^^^^^^^^^^\n  File \"C:\\Users\\casper\\PycharmProjects\\Coursework_6_mailing_service\\main\\management\\commands\\runapscheduler.py\", line 21, in my_job\n    send_mail_by_time()\n  File \"C:\\Users\\casper\\PycharmProjects\\Coursework_6_mailing_service\\main\\services.py\", line 65, in send_mail_by_time\n    get_date_send(newsletter, current_datetime)\n  File \"C:\\Users\\casper\\PycharmProjects\\Coursework_6_mailing_service\\main\\services.py\", line 30, in get_date_send\n    if newsletter.date_send < current_datetime:\n       ^^^^^^^^^^^^^^^^^^^^\n"}}, {"model": "django_apscheduler.djangojobexecution", "pk": 384, "fields": {"job": "my_job", "status": "Error!", "run_time": "2024-06-13T03:43:00Z", "duration": "0.85", "finished": "1718250180.85", "exception": "'Newsletter' object has no attribute 'date_send'", "traceback": "  File \"C:\\Users\\casper\\PycharmProjects\\Coursework_6_mailing_service\\venv\\Lib\\site-packages\\apscheduler\\executors\\base.py\", line 125, in run_job\n    retval = job.func(*job.args, **job.kwargs)\n             ^^^^^^^^^^^^^^^^^^^^^^^^^^^^^^^^^\n  File \"C:\\Users\\casper\\PycharmProjects\\Coursework_6_mailing_service\\main\\management\\commands\\runapscheduler.py\", line 21, in my_job\n    send_mail_by_time()\n  File \"C:\\Users\\casper\\PycharmProjects\\Coursework_6_mailing_service\\main\\services.py\", line 65, in send_mail_by_time\n    get_date_send(newsletter, current_datetime)\n  File \"C:\\Users\\casper\\PycharmProjects\\Coursework_6_mailing_service\\main\\services.py\", line 30, in get_date_send\n    if newsletter.date_send < current_datetime:\n       ^^^^^^^^^^^^^^^^^^^^\n"}}, {"model": "django_apscheduler.djangojobexecution", "pk": 385, "fields": {"job": "my_job", "status": "Error!", "run_time": "2024-06-13T03:43:10Z", "duration": "0.72", "finished": "1718250190.72", "exception": "'Newsletter' object has no attribute 'date_send'", "traceback": "  File \"C:\\Users\\casper\\PycharmProjects\\Coursework_6_mailing_service\\venv\\Lib\\site-packages\\apscheduler\\executors\\base.py\", line 125, in run_job\n    retval = job.func(*job.args, **job.kwargs)\n             ^^^^^^^^^^^^^^^^^^^^^^^^^^^^^^^^^\n  File \"C:\\Users\\casper\\PycharmProjects\\Coursework_6_mailing_service\\main\\management\\commands\\runapscheduler.py\", line 21, in my_job\n    send_mail_by_time()\n  File \"C:\\Users\\casper\\PycharmProjects\\Coursework_6_mailing_service\\main\\services.py\", line 65, in send_mail_by_time\n    get_date_send(newsletter, current_datetime)\n  File \"C:\\Users\\casper\\PycharmProjects\\Coursework_6_mailing_service\\main\\services.py\", line 30, in get_date_send\n    if newsletter.datetime_send < current_datetime:\n       ^^^^^^^^^^^^^^^^^^^^\n"}}, {"model": "django_apscheduler.djangojobexecution", "pk": 386, "fields": {"job": "my_job", "status": "Executed", "run_time": "2024-06-13T03:43:20Z", "duration": "0.96", "finished": "1718250200.96", "exception": null, "traceback": null}}, {"model": "django_apscheduler.djangojobexecution", "pk": 387, "fields": {"job": "my_job", "status": "Executed", "run_time": "2024-06-13T03:43:30Z", "duration": "0.87", "finished": "1718250210.87", "exception": null, "traceback": null}}, {"model": "django_apscheduler.djangojobexecution", "pk": 388, "fields": {"job": "my_job", "status": "Executed", "run_time": "2024-06-13T03:43:40Z", "duration": "0.03", "finished": "1718250220.03", "exception": null, "traceback": null}}, {"model": "django_apscheduler.djangojobexecution", "pk": 389, "fields": {"job": "my_job", "status": "Executed", "run_time": "2024-06-13T03:43:50Z", "duration": "0.01", "finished": "1718250230.01", "exception": null, "traceback": null}}, {"model": "django_apscheduler.djangojobexecution", "pk": 390, "fields": {"job": "my_job", "status": "Executed", "run_time": "2024-06-13T03:44:00Z", "duration": "0.02", "finished": "1718250240.02", "exception": null, "traceback": null}}, {"model": "django_apscheduler.djangojobexecution", "pk": 391, "fields": {"job": "my_job", "status": "Executed", "run_time": "2024-06-13T03:44:10Z", "duration": "0.02", "finished": "1718250250.02", "exception": null, "traceback": null}}, {"model": "django_apscheduler.djangojobexecution", "pk": 392, "fields": {"job": "my_job", "status": "Executed", "run_time": "2024-06-13T03:44:20Z", "duration": "0.02", "finished": "1718250260.02", "exception": null, "traceback": null}}, {"model": "django_apscheduler.djangojobexecution", "pk": 393, "fields": {"job": "my_job", "status": "Executed", "run_time": "2024-06-13T03:44:30Z", "duration": "0.01", "finished": "1718250270.01", "exception": null, "traceback": null}}, {"model": "django_apscheduler.djangojobexecution", "pk": 394, "fields": {"job": "my_job", "status": "Executed", "run_time": "2024-06-13T03:44:40Z", "duration": "0.02", "finished": "1718250280.02", "exception": null, "traceback": null}}, {"model": "django_apscheduler.djangojobexecution", "pk": 395, "fields": {"job": "my_job", "status": "Executed", "run_time": "2024-06-13T03:44:50Z", "duration": "0.02", "finished": "1718250290.02", "exception": null, "traceback": null}}, {"model": "django_apscheduler.djangojobexecution", "pk": 396, "fields": {"job": "my_job", "status": "Executed", "run_time": "2024-06-13T03:45:00Z", "duration": "0.02", "finished": "1718250300.02", "exception": null, "traceback": null}}, {"model": "django_apscheduler.djangojobexecution", "pk": 397, "fields": {"job": "my_job", "status": "Executed", "run_time": "2024-06-13T03:45:10Z", "duration": "0.02", "finished": "1718250310.02", "exception": null, "traceback": null}}, {"model": "django_apscheduler.djangojobexecution", "pk": 398, "fields": {"job": "my_job", "status": "Executed", "run_time": "2024-06-13T03:45:20Z", "duration": "0.03", "finished": "1718250320.03", "exception": null, "traceback": null}}, {"model": "django_apscheduler.djangojobexecution", "pk": 399, "fields": {"job": "my_job", "status": "Executed", "run_time": "2024-06-13T03:45:30Z", "duration": "0.01", "finished": "1718250330.01", "exception": null, "traceback": null}}, {"model": "django_apscheduler.djangojobexecution", "pk": 400, "fields": {"job": "my_job", "status": "Executed", "run_time": "2024-06-13T03:45:40Z", "duration": "0.02", "finished": "1718250340.02", "exception": null, "traceback": null}}, {"model": "django_apscheduler.djangojobexecution", "pk": 401, "fields": {"job": "my_job", "status": "Executed", "run_time": "2024-06-13T03:45:50Z", "duration": "0.01", "finished": "1718250350.01", "exception": null, "traceback": null}}, {"model": "django_apscheduler.djangojobexecution", "pk": 402, "fields": {"job": "my_job", "status": "Executed", "run_time": "2024-06-13T03:46:00Z", "duration": "0.01", "finished": "1718250360.01", "exception": null, "traceback": null}}, {"model": "django_apscheduler.djangojobexecution", "pk": 403, "fields": {"job": "my_job", "status": "Executed", "run_time": "2024-06-13T03:46:10Z", "duration": "0.02", "finished": "1718250370.02", "exception": null, "traceback": null}}, {"model": "django_apscheduler.djangojobexecution", "pk": 404, "fields": {"job": "my_job", "status": "Executed", "run_time": "2024-06-13T03:46:20Z", "duration": "0.03", "finished": "1718250380.03", "exception": null, "traceback": null}}, {"model": "django_apscheduler.djangojobexecution", "pk": 405, "fields": {"job": "my_job", "status": "Executed", "run_time": "2024-06-13T03:46:30Z", "duration": "0.02", "finished": "1718250390.02", "exception": null, "traceback": null}}, {"model": "django_apscheduler.djangojobexecution", "pk": 406, "fields": {"job": "my_job", "status": "Executed", "run_time": "2024-06-13T03:46:40Z", "duration": "0.02", "finished": "1718250400.02", "exception": null, "traceback": null}}, {"model": "django_apscheduler.djangojobexecution", "pk": 407, "fields": {"job": "my_job", "status": "Executed", "run_time": "2024-06-13T03:46:50Z", "duration": "0.01", "finished": "1718250410.01", "exception": null, "traceback": null}}, {"model": "django_apscheduler.djangojobexecution", "pk": 408, "fields": {"job": "my_job", "status": "Executed", "run_time": "2024-06-13T03:47:00Z", "duration": "0.01", "finished": "1718250420.01", "exception": null, "traceback": null}}, {"model": "django_apscheduler.djangojobexecution", "pk": 409, "fields": {"job": "my_job", "status": "Executed", "run_time": "2024-06-13T03:47:10Z", "duration": "0.02", "finished": "1718250430.02", "exception": null, "traceback": null}}, {"model": "django_apscheduler.djangojobexecution", "pk": 410, "fields": {"job": "my_job", "status": "Executed", "run_time": "2024-06-13T03:47:20Z", "duration": "0.02", "finished": "1718250440.02", "exception": null, "traceback": null}}, {"model": "django_apscheduler.djangojobexecution", "pk": 411, "fields": {"job": "my_job", "status": "Executed", "run_time": "2024-06-13T03:47:30Z", "duration": "0.02", "finished": "1718250450.02", "exception": null, "traceback": null}}, {"model": "django_apscheduler.djangojobexecution", "pk": 412, "fields": {"job": "my_job", "status": "Executed", "run_time": "2024-06-13T03:48:10Z", "duration": "0.92", "finished": "1718250490.92", "exception": null, "traceback": null}}, {"model": "django_apscheduler.djangojobexecution", "pk": 413, "fields": {"job": "my_job", "status": "Executed", "run_time": "2024-06-13T03:48:20Z", "duration": "0.02", "finished": "1718250500.02", "exception": null, "traceback": null}}, {"model": "django_apscheduler.djangojobexecution", "pk": 414, "fields": {"job": "my_job", "status": "Executed", "run_time": "2024-06-13T03:48:30Z", "duration": "0.02", "finished": "1718250510.02", "exception": null, "traceback": null}}, {"model": "django_apscheduler.djangojobexecution", "pk": 415, "fields": {"job": "my_job", "status": "Executed", "run_time": "2024-06-13T03:48:40Z", "duration": "0.02", "finished": "1718250520.02", "exception": null, "traceback": null}}, {"model": "django_apscheduler.djangojobexecution", "pk": 416, "fields": {"job": "my_job", "status": "Executed", "run_time": "2024-06-13T03:48:50Z", "duration": "0.01", "finished": "1718250530.01", "exception": null, "traceback": null}}, {"model": "django_apscheduler.djangojobexecution", "pk": 417, "fields": {"job": "my_job", "status": "Executed", "run_time": "2024-06-13T03:49:00Z", "duration": "0.02", "finished": "1718250540.02", "exception": null, "traceback": null}}, {"model": "django_apscheduler.djangojobexecution", "pk": 418, "fields": {"job": "my_job", "status": "Executed", "run_time": "2024-06-13T03:49:10Z", "duration": "0.01", "finished": "1718250550.01", "exception": null, "traceback": null}}, {"model": "django_apscheduler.djangojobexecution", "pk": 419, "fields": {"job": "my_job", "status": "Executed", "run_time": "2024-06-13T03:49:20Z", "duration": "0.02", "finished": "1718250560.02", "exception": null, "traceback": null}}, {"model": "django_apscheduler.djangojobexecution", "pk": 420, "fields": {"job": "my_job", "status": "Executed", "run_time": "2024-06-13T03:49:30Z", "duration": "0.02", "finished": "1718250570.02", "exception": null, "traceback": null}}, {"model": "django_apscheduler.djangojobexecution", "pk": 421, "fields": {"job": "my_job", "status": "Executed", "run_time": "2024-06-13T03:49:40Z", "duration": "0.02", "finished": "1718250580.02", "exception": null, "traceback": null}}, {"model": "django_apscheduler.djangojobexecution", "pk": 422, "fields": {"job": "my_job", "status": "Executed", "run_time": "2024-06-13T03:49:50Z", "duration": "0.01", "finished": "1718250590.01", "exception": null, "traceback": null}}, {"model": "django_apscheduler.djangojobexecution", "pk": 423, "fields": {"job": "my_job", "status": "Executed", "run_time": "2024-06-13T03:50:00Z", "duration": "0.01", "finished": "1718250600.01", "exception": null, "traceback": null}}, {"model": "django_apscheduler.djangojobexecution", "pk": 424, "fields": {"job": "my_job", "status": "Executed", "run_time": "2024-06-13T03:50:10Z", "duration": "0.01", "finished": "1718250610.01", "exception": null, "traceback": null}}, {"model": "django_apscheduler.djangojobexecution", "pk": 425, "fields": {"job": "my_job", "status": "Executed", "run_time": "2024-06-13T03:50:20Z", "duration": "0.02", "finished": "1718250620.02", "exception": null, "traceback": null}}, {"model": "django_apscheduler.djangojobexecution", "pk": 426, "fields": {"job": "my_job", "status": "Executed", "run_time": "2024-06-13T03:50:30Z", "duration": "0.03", "finished": "1718250630.03", "exception": null, "traceback": null}}, {"model": "django_apscheduler.djangojobexecution", "pk": 427, "fields": {"job": "my_job", "status": "Executed", "run_time": "2024-06-13T03:50:40Z", "duration": "0.03", "finished": "1718250640.03", "exception": null, "traceback": null}}, {"model": "django_apscheduler.djangojobexecution", "pk": 428, "fields": {"job": "my_job", "status": "Executed", "run_time": "2024-06-13T03:50:50Z", "duration": "0.02", "finished": "1718250650.02", "exception": null, "traceback": null}}, {"model": "django_apscheduler.djangojobexecution", "pk": 429, "fields": {"job": "my_job", "status": "Executed", "run_time": "2024-06-13T03:51:00Z", "duration": "0.01", "finished": "1718250660.01", "exception": null, "traceback": null}}, {"model": "django_apscheduler.djangojobexecution", "pk": 430, "fields": {"job": "my_job", "status": "Executed", "run_time": "2024-06-13T03:51:10Z", "duration": "0.02", "finished": "1718250670.02", "exception": null, "traceback": null}}, {"model": "django_apscheduler.djangojobexecution", "pk": 431, "fields": {"job": "my_job", "status": "Executed", "run_time": "2024-06-13T03:51:20Z", "duration": "0.01", "finished": "1718250680.01", "exception": null, "traceback": null}}, {"model": "django_apscheduler.djangojobexecution", "pk": 432, "fields": {"job": "my_job", "status": "Executed", "run_time": "2024-06-13T03:51:30Z", "duration": "0.02", "finished": "1718250690.02", "exception": null, "traceback": null}}, {"model": "django_apscheduler.djangojobexecution", "pk": 433, "fields": {"job": "my_job", "status": "Executed", "run_time": "2024-06-13T03:51:40Z", "duration": "0.02", "finished": "1718250700.02", "exception": null, "traceback": null}}, {"model": "django_apscheduler.djangojobexecution", "pk": 434, "fields": {"job": "my_job", "status": "Executed", "run_time": "2024-06-13T03:51:50Z", "duration": "0.02", "finished": "1718250710.02", "exception": null, "traceback": null}}, {"model": "django_apscheduler.djangojobexecution", "pk": 435, "fields": {"job": "my_job", "status": "Executed", "run_time": "2024-06-13T03:52:00Z", "duration": "0.02", "finished": "1718250720.02", "exception": null, "traceback": null}}, {"model": "django_apscheduler.djangojobexecution", "pk": 436, "fields": {"job": "my_job", "status": "Executed", "run_time": "2024-06-13T03:52:10Z", "duration": "0.01", "finished": "1718250730.01", "exception": null, "traceback": null}}, {"model": "django_apscheduler.djangojobexecution", "pk": 437, "fields": {"job": "my_job", "status": "Executed", "run_time": "2024-06-13T03:52:20Z", "duration": "0.02", "finished": "1718250740.02", "exception": null, "traceback": null}}, {"model": "django_apscheduler.djangojobexecution", "pk": 438, "fields": {"job": "my_job", "status": "Executed", "run_time": "2024-06-13T03:52:30Z", "duration": "0.01", "finished": "1718250750.01", "exception": null, "traceback": null}}, {"model": "django_apscheduler.djangojobexecution", "pk": 439, "fields": {"job": "my_job", "status": "Executed", "run_time": "2024-06-13T03:52:40Z", "duration": "0.03", "finished": "1718250760.03", "exception": null, "traceback": null}}, {"model": "django_apscheduler.djangojobexecution", "pk": 440, "fields": {"job": "my_job", "status": "Executed", "run_time": "2024-06-13T03:52:50Z", "duration": "0.02", "finished": "1718250770.02", "exception": null, "traceback": null}}, {"model": "django_apscheduler.djangojobexecution", "pk": 441, "fields": {"job": "my_job", "status": "Executed", "run_time": "2024-06-13T03:53:00Z", "duration": "0.02", "finished": "1718250780.02", "exception": null, "traceback": null}}, {"model": "django_apscheduler.djangojobexecution", "pk": 442, "fields": {"job": "my_job", "status": "Executed", "run_time": "2024-06-13T03:53:10Z", "duration": "0.02", "finished": "1718250790.02", "exception": null, "traceback": null}}, {"model": "django_apscheduler.djangojobexecution", "pk": 443, "fields": {"job": "my_job", "status": "Executed", "run_time": "2024-06-13T03:53:20Z", "duration": "0.02", "finished": "1718250800.02", "exception": null, "traceback": null}}, {"model": "django_apscheduler.djangojobexecution", "pk": 444, "fields": {"job": "my_job", "status": "Executed", "run_time": "2024-06-13T03:53:30Z", "duration": "0.02", "finished": "1718250810.02", "exception": null, "traceback": null}}, {"model": "django_apscheduler.djangojobexecution", "pk": 445, "fields": {"job": "my_job", "status": "Executed", "run_time": "2024-06-13T03:53:40Z", "duration": "0.02", "finished": "1718250820.02", "exception": null, "traceback": null}}, {"model": "django_apscheduler.djangojobexecution", "pk": 446, "fields": {"job": "my_job", "status": "Executed", "run_time": "2024-06-13T03:53:50Z", "duration": "0.01", "finished": "1718250830.01", "exception": null, "traceback": null}}, {"model": "django_apscheduler.djangojobexecution", "pk": 447, "fields": {"job": "my_job", "status": "Executed", "run_time": "2024-06-13T03:54:00Z", "duration": "0.02", "finished": "1718250840.02", "exception": null, "traceback": null}}, {"model": "django_apscheduler.djangojobexecution", "pk": 448, "fields": {"job": "my_job", "status": "Executed", "run_time": "2024-06-13T03:54:10Z", "duration": "0.01", "finished": "1718250850.01", "exception": null, "traceback": null}}, {"model": "django_apscheduler.djangojobexecution", "pk": 449, "fields": {"job": "my_job", "status": "Executed", "run_time": "2024-06-13T03:54:20Z", "duration": "0.01", "finished": "1718250860.01", "exception": null, "traceback": null}}, {"model": "django_apscheduler.djangojobexecution", "pk": 450, "fields": {"job": "my_job", "status": "Executed", "run_time": "2024-06-13T03:54:30Z", "duration": "0.01", "finished": "1718250870.01", "exception": null, "traceback": null}}, {"model": "django_apscheduler.djangojobexecution", "pk": 451, "fields": {"job": "my_job", "status": "Executed", "run_time": "2024-06-13T03:54:40Z", "duration": "0.02", "finished": "1718250880.02", "exception": null, "traceback": null}}, {"model": "django_apscheduler.djangojobexecution", "pk": 452, "fields": {"job": "my_job", "status": "Executed", "run_time": "2024-06-13T03:54:50Z", "duration": "0.03", "finished": "1718250890.03", "exception": null, "traceback": null}}, {"model": "django_apscheduler.djangojobexecution", "pk": 453, "fields": {"job": "my_job", "status": "Executed", "run_time": "2024-06-13T03:55:00Z", "duration": "0.02", "finished": "1718250900.02", "exception": null, "traceback": null}}, {"model": "django_apscheduler.djangojobexecution", "pk": 454, "fields": {"job": "my_job", "status": "Executed", "run_time": "2024-06-13T03:55:10Z", "duration": "0.01", "finished": "1718250910.01", "exception": null, "traceback": null}}, {"model": "django_apscheduler.djangojobexecution", "pk": 455, "fields": {"job": "my_job", "status": "Executed", "run_time": "2024-06-13T03:55:20Z", "duration": "0.02", "finished": "1718250920.02", "exception": null, "traceback": null}}, {"model": "django_apscheduler.djangojobexecution", "pk": 456, "fields": {"job": "my_job", "status": "Executed", "run_time": "2024-06-13T03:55:30Z", "duration": "0.03", "finished": "1718250930.03", "exception": null, "traceback": null}}, {"model": "django_apscheduler.djangojobexecution", "pk": 457, "fields": {"job": "my_job", "status": "Executed", "run_time": "2024-06-13T03:55:40Z", "duration": "0.02", "finished": "1718250940.02", "exception": null, "traceback": null}}, {"model": "django_apscheduler.djangojobexecution", "pk": 458, "fields": {"job": "my_job", "status": "Executed", "run_time": "2024-06-13T03:55:50Z", "duration": "0.02", "finished": "1718250950.02", "exception": null, "traceback": null}}, {"model": "django_apscheduler.djangojobexecution", "pk": 459, "fields": {"job": "my_job", "status": "Executed", "run_time": "2024-06-13T03:56:00Z", "duration": "0.02", "finished": "1718250960.02", "exception": null, "traceback": null}}, {"model": "django_apscheduler.djangojobexecution", "pk": 460, "fields": {"job": "my_job", "status": "Executed", "run_time": "2024-06-13T03:56:10Z", "duration": "0.02", "finished": "1718250970.02", "exception": null, "traceback": null}}, {"model": "django_apscheduler.djangojobexecution", "pk": 461, "fields": {"job": "my_job", "status": "Executed", "run_time": "2024-06-13T03:56:20Z", "duration": "0.02", "finished": "1718250980.02", "exception": null, "traceback": null}}, {"model": "django_apscheduler.djangojobexecution", "pk": 462, "fields": {"job": "my_job", "status": "Executed", "run_time": "2024-06-13T03:56:30Z", "duration": "0.02", "finished": "1718250990.02", "exception": null, "traceback": null}}, {"model": "django_apscheduler.djangojobexecution", "pk": 463, "fields": {"job": "my_job", "status": "Executed", "run_time": "2024-06-13T03:56:40Z", "duration": "0.02", "finished": "1718251000.02", "exception": null, "traceback": null}}, {"model": "django_apscheduler.djangojobexecution", "pk": 464, "fields": {"job": "my_job", "status": "Executed", "run_time": "2024-06-13T03:56:50Z", "duration": "0.02", "finished": "1718251010.02", "exception": null, "traceback": null}}, {"model": "django_apscheduler.djangojobexecution", "pk": 465, "fields": {"job": "my_job", "status": "Executed", "run_time": "2024-06-13T03:57:00Z", "duration": "0.01", "finished": "1718251020.01", "exception": null, "traceback": null}}, {"model": "django_apscheduler.djangojobexecution", "pk": 466, "fields": {"job": "my_job", "status": "Executed", "run_time": "2024-06-13T03:57:50Z", "duration": "1.00", "finished": "1718251071.00", "exception": null, "traceback": null}}, {"model": "django_apscheduler.djangojobexecution", "pk": 467, "fields": {"job": "my_job", "status": "Executed", "run_time": "2024-06-13T03:58:00Z", "duration": "0.02", "finished": "1718251080.02", "exception": null, "traceback": null}}, {"model": "django_apscheduler.djangojobexecution", "pk": 468, "fields": {"job": "my_job", "status": "Executed", "run_time": "2024-06-13T03:58:10Z", "duration": "0.01", "finished": "1718251090.01", "exception": null, "traceback": null}}, {"model": "django_apscheduler.djangojobexecution", "pk": 469, "fields": {"job": "my_job", "status": "Executed", "run_time": "2024-06-13T03:58:20Z", "duration": "0.02", "finished": "1718251100.02", "exception": null, "traceback": null}}, {"model": "django_apscheduler.djangojobexecution", "pk": 470, "fields": {"job": "my_job", "status": "Executed", "run_time": "2024-06-13T03:58:30Z", "duration": "0.01", "finished": "1718251110.01", "exception": null, "traceback": null}}, {"model": "django_apscheduler.djangojobexecution", "pk": 471, "fields": {"job": "my_job", "status": "Executed", "run_time": "2024-06-13T03:58:40Z", "duration": "0.01", "finished": "1718251120.01", "exception": null, "traceback": null}}, {"model": "django_apscheduler.djangojobexecution", "pk": 472, "fields": {"job": "my_job", "status": "Executed", "run_time": "2024-06-13T03:58:50Z", "duration": "0.01", "finished": "1718251130.01", "exception": null, "traceback": null}}, {"model": "django_apscheduler.djangojobexecution", "pk": 473, "fields": {"job": "my_job", "status": "Executed", "run_time": "2024-06-13T03:59:00Z", "duration": "0.01", "finished": "1718251140.01", "exception": null, "traceback": null}}, {"model": "django_apscheduler.djangojobexecution", "pk": 474, "fields": {"job": "my_job", "status": "Executed", "run_time": "2024-06-13T03:59:10Z", "duration": "0.01", "finished": "1718251150.01", "exception": null, "traceback": null}}, {"model": "django_apscheduler.djangojobexecution", "pk": 475, "fields": {"job": "my_job", "status": "Executed", "run_time": "2024-06-13T16:02:00Z", "duration": "0.20", "finished": "1718294520.20", "exception": null, "traceback": null}}, {"model": "django_apscheduler.djangojobexecution", "pk": 476, "fields": {"job": "my_job", "status": "Executed", "run_time": "2024-06-13T16:02:10Z", "duration": "0.04", "finished": "1718294530.04", "exception": null, "traceback": null}}, {"model": "django_apscheduler.djangojobexecution", "pk": 477, "fields": {"job": "my_job", "status": "Executed", "run_time": "2024-06-13T16:02:20Z", "duration": "0.06", "finished": "1718294540.06", "exception": null, "traceback": null}}, {"model": "django_apscheduler.djangojobexecution", "pk": 478, "fields": {"job": "my_job", "status": "Executed", "run_time": "2024-06-13T16:02:30Z", "duration": "0.03", "finished": "1718294550.03", "exception": null, "traceback": null}}, {"model": "django_apscheduler.djangojobexecution", "pk": 479, "fields": {"job": "my_job", "status": "Executed", "run_time": "2024-06-13T16:02:40Z", "duration": "0.06", "finished": "1718294560.06", "exception": null, "traceback": null}}, {"model": "django_apscheduler.djangojobexecution", "pk": 480, "fields": {"job": "my_job", "status": "Executed", "run_time": "2024-06-13T16:02:50Z", "duration": "0.02", "finished": "1718294570.02", "exception": null, "traceback": null}}, {"model": "django_apscheduler.djangojobexecution", "pk": 481, "fields": {"job": "my_job", "status": "Executed", "run_time": "2024-06-13T16:03:00Z", "duration": "0.05", "finished": "1718294580.05", "exception": null, "traceback": null}}, {"model": "django_apscheduler.djangojobexecution", "pk": 482, "fields": {"job": "my_job", "status": "Executed", "run_time": "2024-06-13T16:03:10Z", "duration": "0.01", "finished": "1718294590.01", "exception": null, "traceback": null}}, {"model": "django_apscheduler.djangojobexecution", "pk": 483, "fields": {"job": "my_job", "status": "Executed", "run_time": "2024-06-13T16:03:20Z", "duration": "1.28", "finished": "1718294601.28", "exception": null, "traceback": null}}, {"model": "django_apscheduler.djangojobexecution", "pk": 484, "fields": {"job": "my_job", "status": "Executed", "run_time": "2024-06-13T16:03:30Z", "duration": "0.02", "finished": "1718294610.02", "exception": null, "traceback": null}}, {"model": "django_apscheduler.djangojobexecution", "pk": 485, "fields": {"job": "my_job", "status": "Executed", "run_time": "2024-06-13T16:03:40Z", "duration": "0.05", "finished": "1718294620.05", "exception": null, "traceback": null}}, {"model": "django_apscheduler.djangojobexecution", "pk": 486, "fields": {"job": "my_job", "status": "Executed", "run_time": "2024-06-13T16:03:50Z", "duration": "0.02", "finished": "1718294630.02", "exception": null, "traceback": null}}, {"model": "django_apscheduler.djangojobexecution", "pk": 487, "fields": {"job": "my_job", "status": "Executed", "run_time": "2024-06-13T16:04:00Z", "duration": "0.03", "finished": "1718294640.03", "exception": null, "traceback": null}}, {"model": "django_apscheduler.djangojobexecution", "pk": 488, "fields": {"job": "my_job", "status": "Executed", "run_time": "2024-06-13T16:04:10Z", "duration": "0.05", "finished": "1718294650.05", "exception": null, "traceback": null}}, {"model": "django_apscheduler.djangojobexecution", "pk": 489, "fields": {"job": "my_job", "status": "Executed", "run_time": "2024-06-13T16:04:20Z", "duration": "0.05", "finished": "1718294660.05", "exception": null, "traceback": null}}, {"model": "django_apscheduler.djangojobexecution", "pk": 490, "fields": {"job": "my_job", "status": "Executed", "run_time": "2024-06-13T16:04:30Z", "duration": "0.01", "finished": "1718294670.01", "exception": null, "traceback": null}}, {"model": "django_apscheduler.djangojobexecution", "pk": 491, "fields": {"job": "my_job", "status": "Executed", "run_time": "2024-06-13T16:04:40Z", "duration": "0.05", "finished": "1718294680.05", "exception": null, "traceback": null}}, {"model": "django_apscheduler.djangojobexecution", "pk": 492, "fields": {"job": "my_job", "status": "Executed", "run_time": "2024-06-13T16:04:50Z", "duration": "0.05", "finished": "1718294690.05", "exception": null, "traceback": null}}, {"model": "django_apscheduler.djangojobexecution", "pk": 493, "fields": {"job": "my_job", "status": "Executed", "run_time": "2024-06-13T16:05:00Z", "duration": "0.02", "finished": "1718294700.02", "exception": null, "traceback": null}}, {"model": "django_apscheduler.djangojobexecution", "pk": 494, "fields": {"job": "my_job", "status": "Executed", "run_time": "2024-06-13T16:05:10Z", "duration": "0.05", "finished": "1718294710.05", "exception": null, "traceback": null}}, {"model": "django_apscheduler.djangojobexecution", "pk": 495, "fields": {"job": "my_job", "status": "Executed", "run_time": "2024-06-13T16:05:20Z", "duration": "0.05", "finished": "1718294720.05", "exception": null, "traceback": null}}, {"model": "django_apscheduler.djangojobexecution", "pk": 496, "fields": {"job": "my_job", "status": "Executed", "run_time": "2024-06-13T16:05:30Z", "duration": "0.06", "finished": "1718294730.06", "exception": null, "traceback": null}}, {"model": "django_apscheduler.djangojobexecution", "pk": 497, "fields": {"job": "my_job", "status": "Executed", "run_time": "2024-06-13T16:05:40Z", "duration": "0.02", "finished": "1718294740.02", "exception": null, "traceback": null}}, {"model": "django_apscheduler.djangojobexecution", "pk": 498, "fields": {"job": "my_job", "status": "Executed", "run_time": "2024-06-13T16:05:50Z", "duration": "0.02", "finished": "1718294750.02", "exception": null, "traceback": null}}, {"model": "django_apscheduler.djangojobexecution", "pk": 499, "fields": {"job": "my_job", "status": "Executed", "run_time": "2024-06-13T16:06:00Z", "duration": "0.06", "finished": "1718294760.06", "exception": null, "traceback": null}}, {"model": "django_apscheduler.djangojobexecution", "pk": 500, "fields": {"job": "my_job", "status": "Executed", "run_time": "2024-06-13T16:06:10Z", "duration": "0.01", "finished": "1718294770.01", "exception": null, "traceback": null}}, {"model": "django_apscheduler.djangojobexecution", "pk": 501, "fields": {"job": "my_job", "status": "Executed", "run_time": "2024-06-13T16:06:20Z", "duration": "0.01", "finished": "1718294780.01", "exception": null, "traceback": null}}, {"model": "django_apscheduler.djangojobexecution", "pk": 502, "fields": {"job": "my_job", "status": "Executed", "run_time": "2024-06-13T16:06:30Z", "duration": "0.06", "finished": "1718294790.06", "exception": null, "traceback": null}}, {"model": "django_apscheduler.djangojobexecution", "pk": 503, "fields": {"job": "my_job", "status": "Executed", "run_time": "2024-06-13T16:06:40Z", "duration": "0.01", "finished": "1718294800.01", "exception": null, "traceback": null}}, {"model": "django_apscheduler.djangojobexecution", "pk": 504, "fields": {"job": "my_job", "status": "Executed", "run_time": "2024-06-13T16:06:50Z", "duration": "0.06", "finished": "1718294810.06", "exception": null, "traceback": null}}, {"model": "django_apscheduler.djangojobexecution", "pk": 505, "fields": {"job": "my_job", "status": "Executed", "run_time": "2024-06-13T16:07:00Z", "duration": "0.04", "finished": "1718294820.04", "exception": null, "traceback": null}}, {"model": "django_apscheduler.djangojobexecution", "pk": 506, "fields": {"job": "my_job", "status": "Executed", "run_time": "2024-06-13T16:07:10Z", "duration": "0.05", "finished": "1718294830.05", "exception": null, "traceback": null}}, {"model": "django_apscheduler.djangojobexecution", "pk": 507, "fields": {"job": "my_job", "status": "Executed", "run_time": "2024-06-13T16:07:20Z", "duration": "0.02", "finished": "1718294840.02", "exception": null, "traceback": null}}, {"model": "django_apscheduler.djangojobexecution", "pk": 508, "fields": {"job": "my_job", "status": "Executed", "run_time": "2024-06-13T16:07:30Z", "duration": "0.01", "finished": "1718294850.01", "exception": null, "traceback": null}}, {"model": "django_apscheduler.djangojobexecution", "pk": 509, "fields": {"job": "my_job", "status": "Executed", "run_time": "2024-06-13T16:07:40Z", "duration": "0.04", "finished": "1718294860.04", "exception": null, "traceback": null}}, {"model": "django_apscheduler.djangojobexecution", "pk": 510, "fields": {"job": "my_job", "status": "Executed", "run_time": "2024-06-13T16:07:50Z", "duration": "0.02", "finished": "1718294870.02", "exception": null, "traceback": null}}, {"model": "django_apscheduler.djangojobexecution", "pk": 511, "fields": {"job": "my_job", "status": "Executed", "run_time": "2024-06-13T16:08:00Z", "duration": "0.05", "finished": "1718294880.05", "exception": null, "traceback": null}}, {"model": "django_apscheduler.djangojobexecution", "pk": 512, "fields": {"job": "my_job", "status": "Executed", "run_time": "2024-06-13T16:08:10Z", "duration": "0.05", "finished": "1718294890.05", "exception": null, "traceback": null}}, {"model": "django_apscheduler.djangojobexecution", "pk": 513, "fields": {"job": "my_job", "status": "Executed", "run_time": "2024-06-13T16:08:20Z", "duration": "0.02", "finished": "1718294900.02", "exception": null, "traceback": null}}, {"model": "django_apscheduler.djangojobexecution", "pk": 514, "fields": {"job": "my_job", "status": "Executed", "run_time": "2024-06-13T16:08:30Z", "duration": "0.04", "finished": "1718294910.04", "exception": null, "traceback": null}}, {"model": "django_apscheduler.djangojobexecution", "pk": 515, "fields": {"job": "my_job", "status": "Executed", "run_time": "2024-06-13T16:08:40Z", "duration": "0.02", "finished": "1718294920.02", "exception": null, "traceback": null}}, {"model": "django_apscheduler.djangojobexecution", "pk": 516, "fields": {"job": "my_job", "status": "Executed", "run_time": "2024-06-13T16:08:50Z", "duration": "0.03", "finished": "1718294930.03", "exception": null, "traceback": null}}, {"model": "django_apscheduler.djangojobexecution", "pk": 517, "fields": {"job": "my_job", "status": "Executed", "run_time": "2024-06-13T16:09:00Z", "duration": "0.06", "finished": "1718294940.06", "exception": null, "traceback": null}}, {"model": "django_apscheduler.djangojobexecution", "pk": 518, "fields": {"job": "my_job", "status": "Executed", "run_time": "2024-06-13T16:09:10Z", "duration": "0.05", "finished": "1718294950.05", "exception": null, "traceback": null}}, {"model": "django_apscheduler.djangojobexecution", "pk": 519, "fields": {"job": "my_job", "status": "Executed", "run_time": "2024-06-13T16:09:20Z", "duration": "0.03", "finished": "1718294960.03", "exception": null, "traceback": null}}, {"model": "django_apscheduler.djangojobexecution", "pk": 520, "fields": {"job": "my_job", "status": "Executed", "run_time": "2024-06-13T16:09:30Z", "duration": "0.02", "finished": "1718294970.02", "exception": null, "traceback": null}}, {"model": "django_apscheduler.djangojobexecution", "pk": 521, "fields": {"job": "my_job", "status": "Executed", "run_time": "2024-06-13T16:09:40Z", "duration": "0.06", "finished": "1718294980.06", "exception": null, "traceback": null}}, {"model": "django_apscheduler.djangojobexecution", "pk": 522, "fields": {"job": "my_job", "status": "Executed", "run_time": "2024-06-13T16:09:50Z", "duration": "0.02", "finished": "1718294990.02", "exception": null, "traceback": null}}, {"model": "django_apscheduler.djangojobexecution", "pk": 523, "fields": {"job": "my_job", "status": "Executed", "run_time": "2024-06-13T16:10:00Z", "duration": "0.06", "finished": "1718295000.06", "exception": null, "traceback": null}}, {"model": "django_apscheduler.djangojobexecution", "pk": 524, "fields": {"job": "my_job", "status": "Executed", "run_time": "2024-06-13T16:10:10Z", "duration": "0.05", "finished": "1718295010.05", "exception": null, "traceback": null}}, {"model": "django_apscheduler.djangojobexecution", "pk": 525, "fields": {"job": "my_job", "status": "Executed", "run_time": "2024-06-13T16:10:20Z", "duration": "0.05", "finished": "1718295020.05", "exception": null, "traceback": null}}, {"model": "django_apscheduler.djangojobexecution", "pk": 526, "fields": {"job": "my_job", "status": "Executed", "run_time": "2024-06-13T16:10:30Z", "duration": "0.06", "finished": "1718295030.06", "exception": null, "traceback": null}}, {"model": "django_apscheduler.djangojobexecution", "pk": 527, "fields": {"job": "my_job", "status": "Executed", "run_time": "2024-06-13T16:10:40Z", "duration": "0.01", "finished": "1718295040.01", "exception": null, "traceback": null}}]